2,-0.193208082103924,0.196233088577055,0.413853868054979,-0.400660287272910,-0.075411725852090,0.057757400000000
3,-0.277482049013163,0.523219962431998,-0.269494242005332,-0.494778279692851,-0.000000000000000,0.477695023341164,-0.096717417136360,0.065740200000000
4,-0.107486954829082,-0.616609214326917,0.600361111765035,0.102178121624692,0.570929897128996,-0.121055114476866,0.117730901655578,-0.545710100394571,-0.110811350262434,0.075894400000000
5,0.332267452829415,-0.383563735118942,-0.621265386774259,-0.038152105604996,0.549038163607679,-0.439364877845451,-0.522881861386242,0.151390006899052,0.680025438824615,0.198811245841118,-0.119363374544939,0.074429300000000
6,-0.510950034962211,0.280977400007650,-0.596903384951629,0.685019656502804,0.000121176937083,0.141207505464539,0.461717479484384,0.628353197502976,-0.343223519591138,-0.073798424240177,0.000002153982220,-0.673958010495156,-0.126226868567411,0.117664900000000
7,0.189715489713707,0.706072633681940,-0.269853552036699,-0.519322666201619,-0.875523735910622,-0.071249370371705,0.393854711181368,-0.691122751886568,-0.128509822631743,-0.321650918043550,0.334019460292336,-0.305926239265107,0.779314252930525,0.376856345573008,-0.122608738222804,0.103804900000000
8,-0.488814473771351,0.413769341177415,-0.300266168468563,0.595197776067397,0.746176799723460,-0.409529244186140,0.177610588447177,-0.640122104927780,0.520057216270780,0.000000000000000,-0.768312515837650,-0.454538664551053,0.327867785968879,-0.378878427175270,0.615325217297763,-0.025576913801898,-0.125246690612163,0.105913800000000
9,-0.692352427484678,-0.412922433411649,0.689658869539564,0.104145123937408,-0.330924607775146,0.126954250556145,-0.458687977735513,0.681559061511537,0.000000000000000,0.115646645817825,0.657369494519013,-0.322184501815573,0.653101859022169,-0.633838105040426,-0.646595411838234,-0.176145290997261,0.243641292454319,0.000000000000000,-0.138244377088322,0.122356800000000
10,0.010996412930958,-0.740424785511495,0.518434940282406,0.764396519407617,-0.482804144923323,0.263993873665102,-0.175533872592461,-0.002381125817188,-0.533837689877238,0.499629918976775,0.712532968752375,0.028700517677020,-0.530415172549182,0.028288310138408,0.535020630045279,-0.000875413067556,-0.048312537849333,-0.711076946404890,-0.519580780341087,0.526727369841900,-0.148609190600355,0.148432000000000
11,-0.489833969429593,0.121642781347118,-0.784374325246399,0.160773224985350,0.543176500905271,0.613023115282431,-0.697092783327204,-0.200945655823383,-0.039930405335049,0.849243565923897,0.321842378175988,-0.600363479071461,-0.868220098168044,-0.165385972255601,0.416383500614325,-0.412366677377159,0.319832511025949,0.340008107861917,0.708763747255582,0.025624185903840,-0.093999517227422,0.808555962591671,-0.138984666595421,0.145545300000000
12,0.585135323796977,-0.509635845442341,0.432413514547160,0.019208928494313,-0.617166636190012,-0.114640666739597,0.397292789844793,-0.136321505264290,0.187266675833722,-0.082664883933656,-0.309782226915047,0.384985467880454,0.475506583035669,0.395801124589921,-0.705708609934410,0.016803705392820,0.442825920926375,-0.117929360334493,-0.000000000000000,-0.163870861294722,0.405376093186866,0.285479051960888,0.637163120631995,0.186707221266463,-0.149011475781829,0.140622000000000
13,-0.657648024804047,0.016488871668161,-0.316416880892066,0.112227267327908,0.785835976291051,0.372975250853857,0.574733178964924,-0.477823148534319,-0.779187095732425,-0.368319191391187,-0.001270720357666,0.178853357633447,0.600903861447432,-0.356518034435035,0.797378731359256,-0.634816310804267,-0.720057590722351,0.003787000423011,-0.181513087687423,-0.543362840004971,0.617286951437358,0.124221594586627,0.161102215686179,-0.000003475125452,0.418337567816001,0.501419161115216,-0.156805838269649,0.177659600000000
14,0.573153790419306,-0.489645254564310,0.076340231836952,0.130291310508606,-0.686575999796450,0.536073459102004,0.555786902992325,-0.329575654232350,0.153218742455729,-0.773076463098157,-0.022789732355358,-0.369330134320636,0.002648640743029,0.811468348942110,-0.534529461125550,0.597199133977236,-0.787536943382170,0.402757242964147,-0.321326249406253,0.118290647622533,0.571832035907064,0.125122786333746,-0.394104462233096,0.148377744256800,0.800214899423794,-0.655812101858157,-0.067536116261118,-0.105878448372966,-0.159788092518663,0.185935400000000
15,0.612170143778095,0.802480937164704,-0.232828553656684,0.619837330504071,-0.628898334333326,0.294415238460241,0.228130494910694,-0.000713085231832,-0.240427308112557,-0.661845720125487,-0.221750705541211,-0.806348898456750,0.358256135121784,-0.087337365217719,-0.381534541929243,0.484003456452425,0.000781025778388,-0.513975969224339,-0.428143411497532,-0.487614548928973,-0.644455516393983,0.702834308143494,-0.001158832747002,0.785378744896696,0.460760557710867,0.378852549946476,0.000607558600065,0.053407862603313,-0.816903082626374,-0.058464525472981,-0.162389586011734,0.196914000000000
16,-0.061404394084564,-0.230573133485139,-0.375651575395756,0.285862237931609,0.028423854327613,0.728564967479682,0.455704259009957,0.816476513108854,0.001200343761672,-0.177672231257654,-0.685765567673633,0.361026887762720,-0.457504496148744,-0.776460103733089,0.520848239853886,-0.650216536239130,0.674123617461461,0.284200915767224,-0.712845707771775,0.786063063245925,-0.775720949525344,-0.420046317009684,0.000276067671680,0.161426326225808,0.000000774666364,-0.312216956153347,0.336765478427932,-0.581518105509062,0.708822047856701,-0.038447438701276,0.484468287936477,-0.393617068817106,-0.163886151356591,0.224604300000000
17,0.084521997948122,-0.668470435424485,0.499167793982753,0.040929777568368,0.794376368194823,0.178791368934345,0.450592376148656,0.735442142001169,-0.260824712838974,-0.307924225269329,-0.743983072001874,-0.338809124779454,0.082663582347486,-0.323525635742186,-0.770488887893410,-0.372098627906871,0.450871832389137,-0.301590674878870,-0.475184082331451,0.631445311735544,-0.808184327989138,-0.235760313131956,0.293089717923056,-0.169991216710135,0.265835550711218,0.115033456797247,-0.262538968946135,0.346469368102040,0.758739619883866,0.773164017625681,-0.725794238694236,-0.058951232914433,0.444071795144257,-0.655736437205660,-0.168275518487220,0.234369000000000
18,0.159865776803727,0.363801404483720,-0.314892959660163,0.853691221844930,-0.747770795444088,-0.308288688914147,-0.282082603017528,0.744337525945326,0.181189400067840,0.723410548767090,0.544741981845541,-0.819501223886435,-0.122350272347907,-0.577237307895092,0.076267078019596,-0.374308337724675,0.272901453887923,-0.796233376705681,1.119112144275899,-0.563694725320376,-0.065638569609487,0.220559536815862,-0.576076292041324,0.723294913575601,-0.746482792453939,-0.095238028897385,0.503193099448934,-0.404409906248435,0.540146799589897,-0.257051799249818,0.216003008636683,0.442602027486179,-0.768744139400875,-0.393968304364829,-0.045933001877659,0.140700657542500,-0.161992286531208,0.242705700000000
19,-0.592898695864090,0.046669489064398,0.079667680723300,0.525464350706149,0.802148149236396,-0.705664282993026,0.043424110013810,-0.277596291975700,0.778407422778216,-0.166129903747830,0.206285007547841,0.323637680791478,0.498362645332109,-0.748382767258435,-0.592276144630369,-0.352515717740781,0.002962911597005,0.484983009009356,-0.252100459971738,-0.543338415795631,0.389758934943854,-0.807759707778875,-0.072605723717804,0.203392217084472,-0.218373207603644,0.000083564725185,-0.161280802101208,-0.311490894442653,0.816139423678746,-0.378387159121384,0.762363122837862,-0.670645417351990,0.178097123727471,0.602238406316891,0.351243331457310,-0.255428532427842,0.393976004146845,-0.711813974921849,-0.169843355402303,0.263819800000000
20,-0.823260551518096,0.689815119714590,0.370448128793939,-0.336478228173038,-0.495896001523930,0.253818458736348,0.066183298988941,0.868090109301254,-0.491901361651763,-0.246835600530654,-0.371034105221359,-0.542352555082963,0.325058882582539,-0.161665898489545,0.552144211438411,-0.541907287188615,0.627508571733860,-0.173830552055821,0.146326380485457,0.248722060573521,-0.343597768224380,-0.339959948664695,-0.662498572891514,-0.527544740821579,-0.390224146191072,-0.639667087478842,-0.115380991395713,0.374289355210433,0.637086468545228,0.263881534400258,-0.489798963567897,0.296343297052958,0.151762976957233,0.199005371720278,-0.820199765033506,-0.674966781730820,0.164106049334293,0.614372093521058,0.604791150048667,-0.321622332170146,-0.154338873208627,0.202575800000000
21,0.279396246140798,-0.693064014420095,0.714003150230683,-0.569378402727509,0.397440629524462,0.396374054164855,0.018016148503666,-0.370148187825704,-0.705827886050857,-0.046626209728001,-0.363206744003022,0.323238499199491,-0.008742199617488,-0.024868362592854,0.684905918215660,0.363316799904694,0.265352696210877,-0.315726848198050,-0.345623749385460,0.799658725234075,-0.817692058145073,0.788096606717253,0.466031214403992,0.397881279691759,-0.138003801577089,0.499759190731797,-0.789982826451723,0.148608595260075,-0.716728858157283,-0.441524715506529,-0.768496544701407,0.739746540024517,-0.582348382314602,-0.256693485512707,0.664386269419073,-0.398956123106042,0.084934961521129,-0.285409872943863,-0.262060600315169,0.291249265766586,0.000080690804518,0.068969177520998,-0.174003428415246,0.296971800000000
22,0.576207543903381,-0.814077192693070,0.132358758691277,-0.525936499487541,-0.042653165322335,0.708717426296091,0.423963534911818,-0.290140203620346,0.764979277590957,-0.029624746352386,0.202788656258586,0.435065710940729,-0.648686456311944,0.378372834628543,-0.162278570525067,-0.445960706613569,-0.227864894195117,-0.392752165883563,-0.185522841674554,-0.630189789935654,0.167726368865492,0.046750298603652,0.526210701552984,0.182275388925250,0.793572526980306,-0.638622384552747,-0.008765010085430,-0.445015026584125,-0.657057880637361,0.549197099418416,0.143651241740306,0.095713707489485,0.411171957557357,-0.298809497496137,-0.393462430869333,0.038243621234841,0.684973282452780,-0.022801719414282,-0.415527416335964,0.261542084183770,-0.784555592160694,0.576359815536885,-0.618674912485344,-0.216756690020821,-0.166113415555010,0.307772300000000
23,0.119602195539643,0.177588420456152,0.150154396175864,-0.630623067503452,-0.245388128408734,-0.202189026453947,-0.079176133853301,0.796747438166523,-0.021010132502918,-0.542148687572926,0.800218504123300,0.452102459565939,-0.324299791316376,0.274209876026430,0.557225198605759,-0.723018280914654,0.041012330504856,0.364929672234457,-0.329426638450821,-0.722460359385910,-0.374676498270000,0.529372059515183,-1.106769193677410,0.058185149916186,-0.849312985294193,0.816446375250724,-0.565483226115843,-0.839963807817093,0.172231352456232,0.545105477008461,0.200403828737587,-0.436690703017472,0.538517820811264,-0.232850034730307,0.000055055569472,-0.548014199898342,-0.487858726063904,-0.578213635920260,0.281944139192600,-0.197247335543597,0.357427685623382,0.770298468655161,-0.242668298620088,-0.120872073724406,0.668271200305057,0.007838734578833,-0.176502205887148,0.336835300000000
24,-0.526946355519699,0.612482205494835,0.394304023943848,-0.653350184582024,-0.642702370620321,0.468147954315603,-0.530743671232223,-0.312323874663488,-0.093132641856830,0.038563054610309,-0.569743827897622,0.786964731996599,-0.101810106573606,-0.060536496064423,0.212198527966712,-0.792949503180314,-0.172424800184095,-0.378282874313478,0.660480279456995,-0.783553594638660,-0.336932453380594,0.403654918246156,0.169128115340858,-0.534444672321553,0.468668874798395,-0.730295720220808,0.560881664699852,-0.506999235906584,0.446162715839571,-0.513015164197219,0.159508188700162,-0.162886931843049,0.754350258702630,-0.818187676041410,-0.054257951646381,-0.255901418558783,0.143314926012848,-0.071365557864982,0.769116639869567,-0.167530978468499,-0.574076691638823,-0.493787405146970,0.132345924589519,-0.216726113384568,-0.727115465817841,-0.205644581082096,0.526959023517798,-0.280258362849453,-0.218771308406718,0.196457400000000
25,-0.280959241281413,0.036936006929224,0.355383607741949,0.248213848268298,0.421235647065237,0.678132118410092,-0.196395935167229,-0.826494458117837,-0.259483019447118,-0.441678721669431,-0.413641806512218,-0.512862320564729,0.602289758553032,-0.054451826926851,-0.100117397577302,0.317768549274356,0.084929422335068,0.412857814597861,0.045657057420086,-0.552309140012474,0.169467929559044,-0.322341964876626,-0.130825663691396,-0.104681694026024,-0.716542611788689,-0.610392743536487,-0.377787613974651,-0.534177286387486,-0.540263847292088,0.899009351845261,0.000001576278527,-0.230871329707124,0.309482928320562,-0.556579312145967,0.040185721009289,-0.091615337577518,0.004429993312410,0.798371728230384,-0.265598097169927,0.615957630480206,0.722348346705650,-0.308087525474221,-0.000000055990142,-0.431632572633624,0.613125496763018,0.077172152330106,-0.301435072380026,0.056448461779738,-0.952446584712154,-0.139987953552266,-0.238392765168350,0.326030500000000
26,-0.883524674460941,-0.240809681119762,0.393401521997102,0.069337729916466,0.063062000743298,0.184778669555168,-0.613959986184156,0.650596388015292,-0.390588269985139,-0.578251906290994,0.016678974374337,-0.920198012299523,-0.159780043278315,-0.652453966508808,-0.396749575454152,-0.579262065071608,0.009249728568324,0.134231791245066,-0.448276192747968,0.607677332258588,0.512093083064550,-0.021182394323147,0.265181942382588,-0.219264692455984,0.017578383930574,-0.234768512453849,0.441246054184618,-0.773336393827232,0.545012777463726,0.564484872619332,0.130761782659790,-0.415609888440900,0.653117786482440,-0.000001643618251,-0.406077285950484,0.244213362320334,-0.413170581336758,-0.456464267507794,0.448396847454731,-0.640564112475731,0.604762998065848,-0.043452366107561,0.621421157742877,-0.403023305423476,-0.001304270904253,-0.328260057668868,0.021267625686512,0.129435723555819,0.307779657428958,0.158584138970081,0.812271227538816,-0.083813303874303,-0.238392778572231,0.400454000000000
27,0.679082749973845,-0.502784943099036,0.339985006367119,0.020763004344725,-0.577418301039110,-0.786831927172501,-0.116473892076557,0.479409923390910,-0.414674000830416,-0.661901576847510,0.541302898537973,-0.544106193845387,-0.211612518984539,-0.442494188992870,-0.390448717578775,-0.682862338331555,0.598687295489528,0.273399231163484,-0.942302327691159,-0.010527870151544,-0.089650688421137,-0.088622070624084,-0.235159069801287,0.964231506153142,-0.827589891622668,0.999499287909921,0.191366540922388,0.145017556541071,0.058662029468671,-0.744256120900155,-0.116745593559676,-0.600342351997894,0.616330638218023,0.611899099097799,0.703828850955469,0.031827931729427,0.705943568240560,-0.057552235923351,0.025641320078530,-0.841236230703680,-0.579135779248632,0.308171355537544,-0.175260636280702,-0.529380102428373,0.000000534848563,-0.333222276799000,0.999449820245485,-0.845483477182827,0.388544657022876,-0.046217874762854,-0.263178063672340,-0.108370674585563,-0.000000839081554,0.639667791243941,-0.238392777681457,0.398740300000000
28,-0.841676666255325,0.735183587328112,-0.901879308198902,-0.206302363948409,-0.145539626672968,0.645643347137203,0.275129211513848,-0.226329972097366,-0.118796163127330,-0.467303178060776,-0.558202394040772,-0.243530097478898,-0.134158116042107,-0.574802404526598,-0.127451012741083,-0.298399517662919,0.213054128476301,-0.772188981089749,0.420700231815190,0.290961793781567,-0.264043432221706,0.436451996704066,-0.582092182709538,0.074987703402518,-0.415308563300576,-0.425334139572122,0.679764257679871,0.074208724422928,0.155202886651416,0.455359556128187,-0.326795173912981,-0.080781857555578,0.026897869605263,-0.255995176312105,-0.236491645197264,0.336610295379927,-0.165445109960629,-0.695346302522216,0.213543088228810,0.914915005339723,0.700528813347538,0.265919960718580,0.082708477660228,-0.435130009813511,-0.030231174395296,0.216239154022699,0.294591812171160,0.348550291422474,0.177864781387755,-0.646637899959754,0.133766764139005,0.386268661637956,-0.310074729287568,-0.625482619864823,0.066555780025752,-0.867068887584897,-0.238377847171667,0.358964600000000
29,-0.761135405162360,-0.024328027565613,-0.902936976895418,0.633443129713615,0.582754383863197,-0.261199960084343,-0.399688386662204,-0.450009569798417,0.801196545063319,0.037539089556983,-0.716751664738329,-1.000923628850644,1.000992502630398,-0.360584619964966,-0.481343015779156,-0.488299235759342,0.148026776197056,0.099038235682919,-0.619921873009960,0.478545369066306,0.610620320901480,-0.120492493604052,-0.627445531645028,-0.374263278305478,0.020977871926716,0.336651313595567,0.198585815668112,0.042824177267957,0.441906109125333,0.417431543711361,0.305938830681767,-0.180038713269355,0.547275255052162,0.260782364223758,-0.560597486597406,-0.743995173413822,0.645870659396434,0.000008436572591,-0.616831963219601,-0.531652745834282,0.011425693317458,-0.000002281557424,0.242247479649278,-0.334033806008368,-0.399792296124627,-0.598360269052271,-0.574761383235775,-0.404007317548965,-0.000002300138800,-0.478288150352330,-0.236636828872455,0.219459294151944,0.508887839401782,0.950676611631459,0.008176533175228,0.631325149541661,-1.022234389429888,-0.265130223746842,-0.238391887978954,0.426820900000000
30,-0.678974905989781,0.571408482969075,-0.623679768535185,-0.884626953711979,-0.203125735565334,0.227441245845850,0.803290992117603,-0.236758271517636,-0.039108668454867,-0.197351050946038,-0.678920177356446,0.034175463182253,-0.778707045831828,0.288598259339519,0.402917843672231,-0.409732367307744,-0.531844675944880,-0.549307766884629,-0.213742799210172,-0.025253614317672,0.005479321292934,0.526855725736545,0.255123170929907,0.056237014988212,-0.674795872305913,-0.110213779284187,-0.350463464764205,-0.519719699101743,-0.287974958472005,-0.233479185956116,0.304570831220971,-0.502253151264493,-0.503280772390213,-0.011060051892459,-0.928378655431820,-0.846403085375841,-0.108291242918974,0.801810637015101,0.602368316164253,-0.029594602405414,-0.320147870000646,-0.760531211343734,0.279532081923760,0.634342299142567,0.612108849284401,-0.035847838062769,0.596599571695771,0.325360894397919,-0.286308435507253,-0.483244389117407,-0.138847277442828,0.799153798599321,0.393014709178791,-0.132314849960232,-0.019159043827592,-0.238479388380005,0.042254575442893,-0.644753088618328,-0.545889306875598,0.504206925850033,-0.238391751892498,0.457415900000000
31,-0.115958070939066,0.692617666419696,-0.648164615293143,-0.844491881053845,-0.274160192998906,-0.416723437466654,-0.879515064701502,0.435435676484635,-0.156288039485643,-0.043273790698144,-0.699467411930224,-0.416090395497525,0.446154911100687,0.137367871910836,-0.150648389113106,-0.091430298253654,-0.930581415724692,-0.683250397859013,-0.696342440737043,-0.229718932106630,-0.662641490159011,-0.513346372245905,0.401884327960706,-0.105980049778116,0.002541805495054,0.709272438084632,0.382873565306462,0.236167312570343,-0.046874087427476,-0.247074320855449,-0.410699623087337,0.509278226943587,-0.498019137733770,-0.060578211917621,-0.329683099202094,0.568852758507260,0.514981956718337,0.141566966137425,-0.865727520024726,0.575732912217772,0.320749172025280,-0.303710972086716,0.212123345884531,0.556941968917113,0.849905654316200,0.378783551019591,-0.056252613793540,0.273911022649166,0.332885052721088,-0.209767196578472,0.046626831790571,-0.354035792292417,-0.224473859312583,-0.546046685059128,0.682730675080486,0.425964555848900,0.384961608066821,-0.361410659202593,-0.721600137477404,0.379489903647670,-0.470176988396888,0.811593427621126,-0.238392735444689,0.464193800000000
32,-0.484006019675253,-0.349678682208338,-0.592171477784461,0.430387925038596,-0.805069698932096,-0.037786942372797,-0.198052326821620,0.778584056914052,0.308814535383235,0.071864256500431,0.907896230900308,-0.206866475839009,0.628854067526774,-0.234733448380559,0.719399092901641,-0.431134086758108,-0.010985936735673,-0.258340036524508,-0.354872848787807,-0.547830131153345,-0.753043816449327,-0.550905466914502,0.090650535996207,-0.067596796829377,0.089881361572653,0.572646477889158,0.314360485462419,-0.094011963372012,-0.463975423174992,-0.283095783978958,0.186857985947509,-0.998755455061013,0.503317906624620,0.670428932980355,-0.295120988494581,0.486078408196589,-0.171383455838663,-0.041365188468129,-0.122967848418597,-0.592241278222287,0.790709751028683,0.784647958335895,0.000000194524159,0.545309143371573,0.537238317651228,-0.716032553981962,0.000000156096032,0.751960341784741,-0.205007375561798,-0.404320289490589,0.303537767572420,-0.109187157342019,0.114467628776947,0.101176591058004,0.880434834037956,-0.213224117058969,0.254963481542187,0.343482625787890,-0.340625048474991,0.365243725250893,0.550406821173546,0.426339041870071,-0.648684883242731,-0.014198118301504,-0.236191521329061,0.474809900000000
33,0.478420740564503,0.029560362566505,-0.819984196053055,-0.849728519761321,-0.692245441127313,-0.511435055375285,-0.577878529050287,-0.230438944710989,-0.630010245434972,0.513477941886344,-0.213258108768829,0.046030492368679,0.032171463757913,0.409737920943845,-0.072056595868768,0.549681567552195,0.077660384215040,-0.089051890102308,0.668460970502513,-0.450589647935564,-0.233250743940366,-0.397291124963535,-0.173047100037970,0.141320124642679,-0.244244806556871,-0.511601253922953,-0.496114940933551,0.653967112492049,-0.049847162405653,-0.036561278681694,-0.459553042749150,-0.006488304168977,-0.477468331202829,0.626354338829563,-0.141737280489558,-0.175109117864810,0.181880788762184,-0.495436092677072,0.460247355452796,0.496617473660211,-0.751983202776355,0.520058666643877,-0.780260322239143,0.770143896253885,-0.347884153901772,0.176656032004910,0.369166205065626,0.360488081602901,-0.346544202375459,0.241142911058357,0.028350974946583,-0.173202223798608,0.686895924081012,-0.044852541553113,-0.253934006071110,-0.198025898192769,-0.660910221727275,0.370386935735264,0.078310009179369,-0.064626279965188,0.397873616170643,-0.593642182332735,0.244909709964559,0.250796585952446,0.625772489986920,-0.665393199909294,-0.231552299075982,0.514302200000000
34,0.130364241979440,0.174571050984013,0.179881048081595,-0.069173497915446,-0.421379854909708,-0.231188337574534,0.465380646337530,-0.193726078507910,-0.661910165357868,-0.495169799277957,0.004571998311708,0.357653322955126,0.310866524317510,0.000026422404630,-0.798331149217063,-0.270863411960592,-0.562491072451476,0.409953022468434,0.028719975941411,0.490102082324716,-0.446691382551847,-0.060992354652296,-0.875405440364010,0.292391206283319,-0.137380282722072,0.320348285654389,-0.115838658868593,-0.072255585582095,-0.176781013586853,-0.226511262359330,0.881981688854748,-0.581911111113216,-0.620957418824364,0.116858911599049,-0.159030557266182,0.249104193972057,0.562331669437880,0.327230716928084,-0.655170467248282,-0.093069241736155,-0.745828547742943,-0.363202560479851,0.430952160092392,0.569040105988203,0.191953421417960,-0.000006732704373,-0.765179450608836,-0.000000000737687,-0.005669508399732,0.327855770425701,-0.157242206535365,0.224095093471526,-0.042973381686237,-0.106230087335227,-0.043552566506355,0.423031602640481,-0.382221515633691,0.458076928638279,0.462861230321715,0.242912475008147,-0.436543538117717,0.637213786690917,-0.521049845571056,0.432512561838738,-0.000004638618888,-0.696468634840442,-0.417178843033687,-0.525220343468101,-0.238374429768721,0.498636400000000
35,-0.507367093694716,-0.807914343620201,-0.273145069680919,-0.297256883027231,0.819176191447928,-0.583985305373462,0.623100693477089,0.157427637200786,0.318851934153208,-0.074843119376669,-0.041167658599618,0.333496198001956,0.357567582464810,-0.484312161350880,-0.726676642767619,-0.372531917504124,-0.416907039780497,0.447755000430569,-0.028397788832862,-0.187204432725673,0.284651235836741,0.023000752169881,0.601100956506196,-0.241880249350425,0.157082101358056,0.635097869375923,-0.512386221221700,0.254157523195271,-0.478250276033067,-0.228644126066547,-0.387803818073505,0.410372867590878,0.821462015223215,-0.077347190454924,-0.606229138412665,-0.403822545945461,0.287928780244909,0.018930013357988,-0.027929923712769,-0.099061263295888,0.665213808852218,0.667599078878070,-0.434719777024835,0.895201222665293,0.381321044962561,0.946390431808006,0.327870124660665,0.515389149213116,-0.563757186836479,-0.382889598679070,-0.689146959713676,-0.892924856974357,0.874209807877464,-0.239532704400707,-0.165347077893222,-0.945353465968454,-0.652108690535982,-0.798648731839048,-0.872455353873055,0.013908963195386,0.333672185134104,-0.712153923500319,-0.035972300393079,0.841562771404737,0.478457904764654,-0.079717993070567,-0.571585387344939,0.429815474451866,0.715862870577545,0.418393289292162,-0.238384151583210,0.572503300000000
36,0.794847708502049,0.067367652751858,-0.000001856868679,-0.281019771969101,-0.012459134699716,-0.029506240785278,0.147452422871073,-0.252162095591316,-0.116703516365431,-0.350952559751352,-0.167255948454286,0.318995528377457,0.350559552112011,0.168358912274333,-0.082955153602519,-0.477828881876651,-0.349878521270139,-0.168301165788613,0.463686018066546,0.352428554538576,-0.016917046759756,-0.464255487839331,-0.419986735310911,0.006295586155662,0.560424548975715,0.617302250785876,-0.896342680486747,-0.654020427900306,-0.583573180485720,0.098328382584990,-0.380029635607305,0.710171885427903,-0.389889248299945,-0.151955935308772,-0.806748186554596,-0.213501483047392,0.115563123200527,0.240939938495145,0.000000000002550,-0.032594994705845,-0.081069477723303,-0.174444510498612,-0.198190966661889,0.009779496881784,0.324483396804677,0.095748860850571,-0.261810720653078,-0.065580268459751,-0.000000376048652,0.043939520872998,0.422241548643041,0.008987087188376,-0.219465516143909,-0.392022972215991,-0.112088175866671,0.450160455260718,0.501805472442145,-0.305076420497360,-0.358146404037584,-0.576150969404540,-0.474964914219373,0.410467459258637,0.053621067546803,0.104458045490964,-0.304949539944914,-0.656917141712994,-0.514909427186032,0.172015935902696,0.630379885782707,0.685391119424122,-0.255507745988807,-0.788341057767216,-0.237782349189098,0.557570100000000
37,0.409544762942534,-0.459081992661038,-0.287420661566797,-0.394513054389513,0.060412646402832,0.911368786194492,0.288028669898590,0.533571913909149,0.670550111732212,-0.322771880240146,-0.269091985011581,-0.034457548943440,-0.131452613000500,-0.925975746777537,-0.339806798362490,0.160752931803533,-0.376163027601471,0.137972071750939,-0.230132719933740,-0.232216138221037,-0.578022107878321,-0.034186154636898,0.674095948772543,-0.000000757119697,-0.336752417113692,0.101476264089057,0.014678780004486,-0.104164130269081,0.686570386377610,-0.564349897007757,0.146462203465675,-0.239701038224302,0.245254801538777,0.451038476433830,-0.157611074501143,-0.727902006982415,-0.141421801657015,0.530318442877383,0.597401809691585,0.590981484249595,0.165149507951073,-0.997483459843793,0.000000901115751,0.307036733378657,0.844870815776415,-0.334024352134652,0.629496469520271,0.191460724061501,0.148777730718335,0.475741741839467,-0.234977458368917,0.761951950835404,0.654027490532170,0.677626422674472,-0.369009232816438,-0.038053392624318,0.335126412103922,-0.815205998651943,-0.227045403332537,0.700173317912928,-0.000000000000680,0.186337332144832,0.165444905843879,0.053577676193832,0.272094960801961,0.000000184434991,-0.499935145468226,0.138289095879055,-0.606736988232595,-0.714551451382112,0.675357333652467,-0.456565918692874,-0.350102598870511,-0.819309655342510,-0.238388832586342,0.598803800000000
38,0.272270774164308,0.558654320455393,-0.070571810125132,-0.245413587778477,-0.189405593748048,0.055979952653496,0.502460507664441,0.186513766467308,-0.006892069577679,-0.256585139639764,-0.265214733686912,-0.321111883166895,0.338291577507251,-0.438397765718212,-0.189185279349969,-0.434636794479972,-0.318585572005957,0.154246817155836,0.339195216172061,0.001507471903541,-0.307973020916441,-0.510957326916622,-0.288811889002908,-0.077924220421933,0.088058580433692,0.274545119788229,0.193338994052154,-0.529370637357041,-0.610278483140486,0.410875629556675,0.540936525578438,0.624325950932616,-0.146973201182509,-0.047723468796920,-0.647488542397636,-0.286807008053132,0.774910359642446,0.639867265792463,-0.000000627064455,0.711383936639408,0.129648863269552,0.001357181228481,-0.291220957997590,-0.227995012743759,-0.171521711823592,0.131593717636706,0.379199395442217,0.088289316781600,-0.083268297845714,0.067723706910842,-0.177517088473772,0.225089378243972,0.337953915336368,0.040322364657917,-0.343928940940375,-0.622985393093422,-0.230191118117878,0.530359122908354,0.387298438911156,-0.144224340144553,-0.247941689509395,-0.639059559776602,-0.578718094140404,0.560007066495537,0.548652657142718,0.280877735292442,0.016547565019796,-0.343171629024696,-0.206536042704720,0.168723858672595,0.738536389607481,-0.450850326619098,-0.238179775095059,-0.821101533312331,-0.000003599015244,0.449633273825894,-0.238381671891248,0.651338800000000
39,0.610618907486600,-0.234251828354830,-0.831925038615577,-0.392811553472434,-0.601475910743369,-0.686359887427769,-0.318307442273528,0.317785240583917,-0.075217833120030,-0.218723455990189,-0.230809432790948,-0.094797793223017,-0.098158482589261,-0.141119083997626,0.284742584297968,-0.615156780498996,0.498073560399056,-0.550127956455984,0.164092514193531,0.079026232185086,-0.867966164080734,0.019735198693343,0.121441203143018,-0.785448693092520,0.741393494948820,-0.155699885597088,-0.015839552848556,0.589345865579429,-0.036647286041093,-0.539811419773366,-0.395822433182361,-0.398266374422887,-0.478323527635314,-0.073065204988188,0.252748088497153,-0.915368471158179,-0.390849882005760,-0.000578742839128,0.934861626836402,-0.348385852488933,0.891991440777338,-0.553083836433926,-0.139308945820782,0.560434575290087,-0.060942136816026,-0.271020304019793,0.315200379615673,0.282755123964483,0.394154717797442,0.177051751388354,-0.138535908245802,-0.011028793242046,0.058181861452773,-0.625963923462547,-0.787136033609255,-0.341917757871519,-0.345622866957498,0.628817875919436,0.333285235801730,0.494606649784429,-0.874069676344170,0.077441530602323,-0.310541982680284,0.593180546533079,-0.682411061514254,-0.042641307748123,0.282220217593250,0.002983059335164,0.237634525037332,0.408665953727840,-0.039670661374921,-0.357996904903263,-0.092531410263580,0.578171100404474,0.082473778818391,-0.584379076781291,0.819516205385805,-0.124388863054476,-0.238385645914769,0.630357500000000
40,-0.792723577382548,0.778402402125897,-0.613507415606658,-0.749138273206710,-0.278324531066198,-0.949567863569968,-0.066814438626965,0.710958802505102,-0.941265875155993,0.223016537712897,-0.026237971094162,-0.053486682204846,-0.135875113663760,0.613553284716959,0.788897652496164,-0.095505604074656,-0.439055100209123,-0.875468787524423,-0.334086320429298,-0.191940808788675,0.298927010880329,-0.093929310808149,0.090539335981499,-0.514236956197886,-0.377883626308787,-0.477196850426787,-0.001119153157179,-0.337179270040717,0.091459943652789,0.771271665462947,0.070162581869220,0.019096370689763,0.212260148418373,0.086959000424062,-0.159444739665514,-0.292170542897403,-0.744191291214352,0.081736966113984,0.188584376381110,0.589810603263529,0.284256157294229,-0.025690224202150,0.621245704576991,-0.251963854107449,0.296694855359353,0.241313232530975,0.904092645845743,0.143737398152176,-0.128356093664803,0.489962928412902,-0.164962373413879,0.263759541295697,0.801967734495146,0.638735563874994,0.344090328356594,0.503762675930042,-0.155288982240397,0.040790230273679,0.448490707841644,0.208960162512225,0.668984286014122,-0.404483829383914,-0.004848440616479,-0.813633480892107,0.878583942088241,0.530727862664626,-0.002168120683458,0.547301334399468,0.130986000438107,0.504522575725943,0.312108020708181,0.811945936511052,-0.770182278346043,0.368451120420956,0.301983227113401,-0.842310321930801,0.299747525439686,0.233747808941227,-0.220819470915695,-0.558212686730184,-0.238344068656473,0.644096700000000
41,-0.847597063570507,0.447168885883270,-0.098229803861560,0.213007543541642,-0.009231149058155,0.360502659527724,-0.283699115188349,0.757078644747561,-0.368682017950347,0.351936472968443,0.430300799395467,0.305246711862541,0.237802712835901,-0.805603140855784,0.006993247634967,-0.732542631004485,0.702238665680687,0.094676850394320,0.078655860750449,-0.710250178845334,0.383808726067008,-0.418978124539301,0.427159132059950,0.308802354085659,0.431599974119116,-0.721703596429986,0.628829652701720,0.063735179873151,0.061345429063932,-0.673540457566550,0.042567726937352,0.226094151104134,-0.349199060393053,-0.006318447056037,-0.240298307582538,-0.134682102985528,0.779940445054533,0.443862933030745,-0.812415959634368,0.566810511359565,-0.394683167685772,0.213257792899663,0.574724857607968,-0.506617895912046,0.123763696275353,0.567386720855777,0.150531501406839,-0.711949326848824,0.464708223014921,0.349193831700281,0.466907685429643,0.113670615292338,0.215834359168717,0.515107737621267,-0.405735810169901,0.800772814752253,-0.436150301227557,0.604784954398771,0.427315444887280,0.266902762648457,-0.010101662825404,0.201408068246627,0.707848359704222,0.516096856058467,0.032150927502023,0.293565950021224,0.461206059853028,0.194333792429767,0.670465439035595,0.135155790251283,-0.244957603129092,0.839929844500972,0.443476776991175,0.227339083526387,0.118829263892958,0.082113099805382,0.602479545455902,0.043031886403712,0.436859069816169,0.285434326358685,-0.576914929651653,-0.351139936367993,-0.238383812359256,0.844469900000000
42,0.631883551501369,-0.422420540902287,-0.244211987261025,0.486170467945045,-0.757517076571570,-0.271674710036389,0.440603751143720,0.201045135116105,0.624896377896858,-0.781233561229563,-0.294975306007096,-0.252205659286720,-0.320776610369629,-0.337996279784193,0.663189239883247,0.870516788602559,0.091232068165378,-0.666858748776595,0.859166002271988,-0.107512578453730,-0.293719247618724,-0.040596346514806,0.316661353906519,-0.345007460280304,-0.288678979196829,0.730781800941760,0.363924897984998,0.616271724539084,-0.980766668704718,0.495036921783495,-0.231450098767040,0.306375361735859,-0.099576330550784,0.395452811201403,0.256871584259079,-0.165045694882366,0.198406696907387,0.695169174013478,0.022111221320431,0.728725626522533,-0.627748329251520,-0.100496243172007,0.177869454917534,-0.112799161221471,0.060334707083742,-0.596361015683445,-0.013413765537644,-0.275519805787369,-0.316565164967230,0.945066619567605,0.603652293236417,-0.136876923605065,0.212264171362448,-0.322776664543815,0.141187197220603,-0.667636305902573,0.481305266459504,-0.343415550881125,-0.067287551874455,-0.663960933588016,0.102631056502795,0.009879312184898,-0.090933717159158,0.523164002384141,0.140913926618246,0.498950431054272,0.904999741527714,-0.154551344425389,0.821498057127742,-0.116005031124885,-0.002099036813182,0.532398573455391,0.165715085541568,0.356926164139796,-0.291955303931040,-0.125528626644892,0.177620712694750,0.398225210381827,0.729760611947561,-0.562651641120024,0.152370764799875,0.355709792802632,0.232316968599866,-0.706219798812261,-0.238371329603308,0.822994400000000
43,0.301734862727482,0.137742407322427,-0.149498882125463,-0.213925950250793,-0.496057114181983,0.112460667609911,0.551725850002206,0.440194095935808,-0.076626415310895,-0.274842547087761,-0.213716303178113,0.080280429624564,0.362403203113841,0.222284964927570,0.126341836434618,-0.202052240329709,-0.299355431662749,0.040817243468466,0.357626307653946,0.267251464390732,0.041459380780750,-0.442085136932992,-0.371755991079016,-0.492465014976997,0.222517760390904,0.346119648091394,-0.303185829054647,-0.492420285695691,0.020177237042437,-0.367921593804278,-0.269581984655532,0.417527385520560,0.271453627814801,-0.506576454848575,-0.690455368972101,0.035942618023688,0.679496950165028,0.843651796861431,-0.185861332356606,-0.432445304613610,-0.752806639771187,-0.304867989103871,0.449336229831025,0.000000450540458,0.126355975735718,0.000321728837841,0.071451817495663,0.600712455406761,-0.248779377800480,-0.066534621551469,-0.000000728645739,0.198957489218435,0.053303495905755,-0.215526517398177,-0.304819197689394,-0.000000271571304,0.217875418892319,0.520996363759405,0.183698293311424,-0.088191826058765,-0.356372608652432,-0.129779839919139,0.179587143165782,0.352700588142048,0.098505175571068,-0.209417404912028,-0.097446408229251,-0.141729696926627,0.070557116188723,0.433140314362351,0.299050395699269,0.505384153035305,-0.445448114104790,-0.312967143344776,0.433798462335111,0.557742183029642,0.412644455603147,-0.350395698406905,-0.717215476101881,-0.280291699215869,0.138443775330152,0.722014563262947,0.672739102180253,0.107978615735509,-0.711411552186304,-0.669259948232438,-0.238230512976870,0.847507500000000
44,0.301290740422732,0.374576678551835,-0.258746170045692,-0.568726698358176,-0.014646329486882,-0.649174127186429,-0.546167132410308,0.273294863480011,0.700737664032424,0.105341386743835,0.399883947079554,-0.471086843231811,-0.724261436976054,-0.324880199354080,-0.110369052670520,-0.701168410275413,0.348772191097059,0.636545233439215,0.540075443362668,0.045741544111984,0.072192778772136,0.416105513523664,0.851001761738174,0.068198628159565,0.028520406608905,-0.612988922724112,0.516991497929931,-0.429437910602240,0.519168155802364,0.021124660106214,0.094089984195987,0.817956971830344,-0.452880724199538,0.391995275541820,0.035205798663243,0.083651944191020,-0.391286533097158,-0.273139657635897,0.593485118881517,-0.273890572087901,-0.107127340714620,-0.243667120211852,0.863170784908056,-0.889930285058975,-0.802442976732679,0.509481023715145,0.857125847379632,0.428444842270803,-0.779874449141572,-0.223862830094777,0.695637277714962,-0.236667841439739,0.506511098477439,0.818715588555555,-0.077530752198050,-0.152367365964706,0.473585583194563,0.484981099949776,0.798304559865029,-0.526019750935846,-0.361270629633150,-0.482235534448207,-0.147741526759359,0.447258193177779,-0.515369128915891,0.774221781808377,0.384307154621038,0.137455103221154,-0.076455142660907,0.116802603581789,-0.663148445884798,-0.459000132260427,0.294704112621757,0.022542744249697,0.036035091327466,0.173651460961058,0.244845100178455,0.304524609546846,-0.220245909388294,0.656117405739233,-0.817368923334891,-0.639064898004223,-0.009335680752984,0.286168879997770,0.083197117270933,0.642535984476040,-0.110308314807512,-0.009602205297665,-0.185828688806365,0.986055400000000
45,0.100000000000000,0.060393281624746,-0.060245453761929,-0.147329389191597,-0.095275468473635,0.070124521485261,0.193351659097640,0.135336454793563,-0.073180807794986,-0.237308170689063,-0.180046135035788,0.069214653769733,0.278456929845266,0.228820394084407,-0.058099933003440,-0.316079305719103,-0.281026102863312,0.039785525508765,0.349486578870715,0.335986524051811,-0.014296190970727,-0.378026269476573,-0.392987088042082,-0.018267166574028,0.401088197421477,0.451281496548199,0.057727846202310,-0.418110227918269,-0.510098108844305,-0.103834308898318,0.428583658460577,0.568646563485271,0.156261742474228,-0.432058205383818,-0.626124586561598,-0.214614223056665,0.428146551072933,0.681724936073893,0.278427459277433,-0.416528415893463,-0.734642430891445,-0.347172101092514,0.396954122215968,0.784081011992318,0.420257591054183,0.000000000000000,0.098932142855424,0.117245547288034,0.010835044433181,-0.133039259661431,-0.165284971290184,-0.028593972494795,0.162353413209484,0.215168450132581,0.053124653584052,-0.186310194117844,-0.266147199315597,-0.084201172169407,0.204398199466805,0.317454390971332,0.121525549877337,-0.216163847227750,-0.368311936010666,-0.164730054007687,0.221215738054552,0.417937378062288,0.213380076251268,-0.219228530607230,-0.465550847509799,-0.266977561266427,0.209946300014424,0.510382023412296,0.324964960787906,-0.193185352732780,-0.551677050933799,-0.386729685120551,0.168836474903616,0.588705362109186,0.451609020238209,-0.136866595314508,-0.620766348337864,-0.518895475289029,0.097319848218955,0.647195833918123,0.587842522125950,-0.050318025523532,-0.667372301209270,-0.657670685556893,-0.003939587809727,0.680722819627296,1000.000000000000000,0.331368800000000
46,-0.442410892155705,0.803271572577316,0.610176519442986,0.910706985544379,0.080212096758329,-0.516242098246428,-0.131528571052450,0.539226165172577,-0.894053035036681,0.788749380304786,-0.210423635405529,-0.315253616844567,0.087289147323208,0.198118315747772,0.131873253864784,-0.295270577771084,0.101979175113432,0.394133038022917,0.120216044642291,-0.533260081339778,0.201461302385691,-0.019663121692751,0.770873935184340,-0.715789520090716,0.284713240494085,-0.139501756379136,-0.249280849739386,0.174522665238646,0.448772721631681,0.655227626980106,-0.353607521384015,0.870123728286837,-0.651011588099470,-0.162611592998081,0.388060216595652,-0.303166521370471,-0.436240218867238,-0.201176759385440,-0.653907123558344,-0.264482124065903,0.038189364506753,0.685939695019694,0.625601335017515,0.151589465289693,-0.684937060071356,-0.333930430848352,0.233649780097868,0.310239991140392,0.014219440595801,0.133729845710015,0.044670349388202,0.605612392829724,-0.389294301351470,0.261938121999666,-0.208654174760565,0.084232653662549,0.800402381627978,0.764640900386873,0.441312613887599,0.638757736388986,0.620006767304515,0.220132981836530,0.568986011533553,0.191887853644922,0.807969867467485,0.764984542001159,0.164352301733979,0.254098221467332,0.407227169838967,-0.327300349200023,0.232841727253493,0.532217564269857,-0.023893992806527,0.590742245673043,0.152025864812989,0.303006721834646,0.326005977325137,0.240426627302390,-0.088128491431919,0.262919721813092,0.123049140219668,0.509032493151167,0.356398660302313,0.401262944923410,0.632460945643534,0.119217323878410,0.121082505019806,0.376960455899119,0.556196251471308,0.358114393999007,0.307658406818189,-0.724780048556681,-0.238371613375216,0.962194300000000
47,-0.588814140303961,-0.192490636824674,0.161990388247649,-0.906998711319057,-0.560264589811932,-0.025638501507657,0.304538406176418,-0.823426920051562,-0.606043377299148,0.526531030720717,0.646042958228235,0.096115414318975,-0.047682993674402,0.241883962051893,-0.795340678917371,0.153764372453619,0.019524544796069,-0.801766187980838,-0.432729967377818,-0.251827227818269,0.251279245895627,-0.253872472824051,-0.362763297194237,0.322262584815470,0.517364352190240,0.448106287016468,-0.242695617557541,0.736773074798219,-0.453325170604171,0.071363950169624,-0.018357738333518,-0.714947628645377,0.663200900159936,0.197263341932908,0.538326877145630,0.103378342518105,-0.137320224268093,-0.121118891601694,0.239126565799573,-0.103261391298762,0.140233329749250,0.413236328605013,-0.459247500579855,-0.355553393864314,0.425531343428953,0.860509921668966,0.011003574154718,0.591134036966735,0.892026140319856,0.717753389495071,0.249187336059179,-0.150390845759864,-0.610898262589419,0.641459218715436,-0.262726838870329,0.156780090191755,0.051386617736005,-0.137152129150269,-0.317564780920621,0.655901298588183,-0.589606510824944,0.105597189142809,0.976934316019094,0.476614588772507,0.556420680489653,0.058577785981778,0.483436970676723,0.006915906977897,-0.136319448939656,-0.339656373987627,-0.697741913377325,0.329739814877066,-0.015301058057432,0.074207131097102,-0.421110074918662,0.422782948641295,-0.471819013003662,-0.381278207009144,0.392520864854423,0.617320880981333,0.064377567424906,0.222656809876440,0.170627407093762,0.215961508944683,0.511733468255720,-0.151112896418703,-0.023763086202023,-0.515777079216378,0.031854245661039,-0.758083206811796,0.202980546628486,0.794961348900069,0.187343193585792,-0.901340635527276,-0.160262652603758,1.094303000000000
48,0.276993647968120,0.039446790552160,-0.412441844621039,-0.004154670931511,-0.561307091066418,-0.534610020699532,-0.079690946727171,-0.091193797850419,0.842707858914351,0.599956633838105,0.039027086409734,-0.271343750473409,0.103708466546717,0.018975896054621,-0.266936770041142,0.254824329436323,0.011898232759572,0.599889630236533,0.228732215694296,0.602090759911564,0.455087297467468,0.629025497062346,0.188005594312449,0.075270745452528,0.006088308133557,0.125911155720846,-0.436850840610904,0.005486257200981,-0.833510347700877,-0.745790044618190,-0.151287573961999,-0.115613921772942,0.563769222848823,-0.276946466651955,-0.464197676241435,-0.173290253920588,0.343433082011613,0.229170945444366,0.424105668107086,0.108899785736146,0.277819975389532,-0.210746423743742,0.107895472505140,0.207004843697925,-0.600696350274921,-0.250277733514654,0.503401959669789,-0.563476629226909,0.857579408989939,-0.636640013471639,0.641068935441196,-1.201083322263389,-0.603393133155460,-0.219827034242227,0.590544815157296,-0.588047689880921,-0.220030246051282,0.656622308509444,0.057407114017243,0.144539156619065,0.538798188509830,-0.141414086943565,-0.244449125542845,-0.216519972430880,-0.072236294567277,0.388498199719004,0.152174867769183,-0.141296957777005,-0.060667852765622,-0.214353226102892,-0.318542595970343,-0.485121362533563,-0.333076266032061,0.921847865835140,-0.804160376535889,-0.400940776118417,-0.264663570183962,0.163483790917601,0.766455074060632,0.951815758407272,-0.708175421017540,-0.396334965183595,0.073798293634107,0.663046585855641,-0.050102611845531,0.401142997410699,0.500030871180913,0.199579144764794,0.052935297555095,-0.825632597691256,0.024443304317289,0.233769283894709,-0.384149126318068,0.285769310023522,-0.469026801888240,0.385604532895597,-0.148626845406673,1.129998900000000
49,-0.525199597904752,-0.730033834324776,0.059995260886409,0.461051656568883,-0.202605109008554,0.138382888299436,0.585989818824549,-0.946653601820893,-0.610052967595280,-0.088882147482731,0.430552403038446,-0.831207404867501,0.632839265559970,-0.662707978854466,-0.036304024678852,-0.278274972380357,-0.327019640509386,0.039533384773262,0.544176481666422,0.214402486082615,0.067374798995705,0.667469574378267,0.805602919631820,0.083440206283768,0.328570323782916,-0.305864065463126,-0.275759546747757,0.268944746737515,0.149736571860685,-0.124558795751414,0.330301846495374,-0.023105687370928,0.388714973787486,-0.050654719530664,0.199815320609619,0.140566210592753,-0.495668248662335,-0.226270483659348,-0.319900879686992,-0.224513783755160,0.053174954821548,-0.273446876769649,0.132168622446627,0.732501023839722,-0.353793463096471,-0.199921464470364,-0.286665717466513,0.443883793946131,-0.797424012746568,-0.079144479128859,0.530763875631046,0.884483613549348,-0.755116347244023,0.117974844075747,-0.559782779941905,0.687030128282713,-0.039988345485998,-0.763158551619023,0.100820454854669,0.101477056980593,0.077721198745238,0.043921836230977,0.284906916666037,0.368968870911730,0.315644532694476,0.128744314568201,0.035970171135157,0.442685551578484,0.684475362475780,-0.202135111043815,0.673090569434712,0.052405463125415,0.208780307095557,0.294603793765798,-0.183169172275081,0.156209764870735,-0.651572450149301,0.153369537675604,-0.690666797921906,-0.483056176704146,0.616057436006403,0.170143684071482,-0.231742582474479,0.559438326419592,0.760371313637627,-0.735523713266485,-0.790224753642295,0.213679723408977,0.242653645870633,-0.081719007872342,0.656800923171208,0.340088679714979,0.358073972582802,0.655490994315054,0.033919336580309,-0.600243843619884,-0.213150980147473,-0.400355416194215,-0.238094747664244,1.136886200000000
50,0.100000000000000,0.059773498111201,-0.058230529253824,-0.142396031007262,-0.092675899275476,0.065119949484871,0.183320373854218,0.130537225983934,-0.065223508965976,-0.221959963870858,-0.172769319150401,0.058351231698736,0.257523595378136,0.218722148095340,-0.044400489486291,-0.289250526769702,-0.267690443183393,0.023357613377057,0.316418820456495,0.318920886599189,0.004701348465783,-0.338353341699457,-0.371619797811999,-0.039610735684359,0.354433343142667,0.424961245895216,0.081116245250359,-0.364099565257766,-0.478095517037531,-0.128876759979582,0.366860786894131,0.530157862340770,0.182467023026517,-0.362299764666553,-0.580277448371685,-0.241381138044021,0.350078504967503,0.627586430943770,0.305036867539365,-0.329942817924705,-0.671229071267707,-0.372780695012905,0.301726108592906,0.710370812937461,0.443893609785802,-0.265352367024439,-0.744207238220185,-0.517597567062957,0.220838325556176,0.771972822793691,0.000000000000000,0.097408179396528,0.114629043909986,0.011468810691831,-0.126905694295024,-0.158578520869406,-0.029722658836604,0.151525683078544,0.204118253042456,0.054577215004350,-0.170676167630521,-0.250434787397503,-0.085761688481940,0.183829472592902,0.296696135015908,0.122921287690665,-0.190528240168611,-0.342060582800023,-0.165620501355006,0.190390786973154,0.385685633031210,0.213347172844664,-0.183115752832447,-0.426736990435911,-0.265517333235147,0.168485997412012,0.464397515837098,0.321480752030420,-0.146371706926632,-0.497876065558019,-0.380527158217991,0.116732679868515,0.526416136505281,0.441893078433526,-0.079619767652524,-0.549304238283825,-0.504769233546606,0.035175453253477,0.565877915777088,0.568308429986555,0.016366441754523,-0.575533348345991,-0.631633877648581,-0.074681923912178,0.577732455139870,0.693847862292884,0.139358863023251,-0.572009439945561,-0.754040697005841,-0.209899882963142,1000.000000000000000,0.394182700000000
