1,-0.000000000000000,0.000000000000000,-0.059683103659461,22.360729299999999
2,0.453627261732830,-0.453631436102981,-0.000807234696275,0.000792900122929,-0.075427127754499,0.033320600000000
3,-0.511103064660908,0.075748612198962,0.435355766259474,-0.207617200385482,0.546433375251912,-0.338820599466451,-0.096876717893603,0.354526000000000
4,0.597525891139928,0.034815206035701,-0.597529514938199,-0.034814594759960,-0.034816182161867,0.597528237995095,0.034818545821157,-0.597525250211421,-0.111161684867609,0.015777100000000
5,0.566265390803485,-0.076904360128520,0.426869047469421,-0.302437861241825,-0.613790236275919,0.264849834906938,0.620394632874841,-0.456706513509230,-0.547107027178846,0.118573720775905,-0.120731920489789,0.279766800000000
6,0.000003142790496,-0.055524395560306,-0.672947014899445,-0.360380690910912,0.450220661046965,0.638632589052670,-0.000000009603535,0.689536519751582,0.160274116636021,-0.590485779489771,-0.525211652483447,0.265885119211596,-0.126112784990193,0.012287500000000
7,-0.000004186928834,0.433820716756045,-0.691277879624066,0.257455936943179,-0.257455222740532,0.691273109557507,-0.433819584260968,0.000000405038856,-0.547748465432589,-0.101828805768108,0.649581558176444,-0.649574537613225,0.101825250533436,0.547747073996801,-0.134789860347359,0.955511400000000
8,-0.164434983532612,-0.636612765022617,0.702588580351313,-0.000000001386869,0.444547940804648,0.431565691671277,-0.148246351969959,-0.629408132706831,0.683125772172522,0.297361514623735,0.008302451269318,-0.000000006281875,-0.544129380630445,0.554482384284960,-0.686820694998477,-0.312322032763806,-0.140859944702776,0.148826700000000
9,0.000001814982614,0.649496758931959,-0.649501731447459,-0.652717165997438,0.652722088849662,0.265808283559150,0.273584214595452,-0.265809830167822,-0.273580572853303,-0.000005756967475,0.273585848544930,-0.273582135754672,0.265814132860935,-0.265812180848514,0.652720939732348,-0.649496079629401,-0.652713197574791,0.649499801173677,-0.145023342579271,2.405939900000000
10,-0.119165440673035,-0.447138484151694,0.119172949512883,-0.713988477449110,0.611435665630505,-0.611438167832717,-0.084700795819303,0.084690737117497,0.713988925377019,0.447136527587282,0.201219353901409,-0.569018516699357,-0.201220826786799,-0.118148552166436,-0.432335034728031,0.432329117505067,0.744017566985691,-0.744016744708493,0.118146492285130,0.569021204676308,-0.148800250880577,0.041656500000000
11,0.166554144450298,-0.382445687060436,-0.701452489841321,-0.341091308404518,-0.684560758473056,-0.167236974065656,0.560513234073617,0.085995134337364,0.163333207791176,0.561968783738886,0.738427093183599,-0.145074683570203,-0.609545287974777,0.261789748794223,0.665984869984454,-0.245493111825406,0.145809912256698,0.451657551687338,-0.732706457323989,0.708111095914493,-0.500548284876242,-0.000000000000000,-0.152554848063690,1.262091900000000
12,0.757963305240719,-0.478991100687298,0.271414834200028,0.003928361079536,0.642889534577222,0.254678913887045,-0.646817795424030,-0.253149483887081,-0.278968033710639,0.485291889378120,-0.001536120797810,-0.756700937922966,0.115490159387264,0.598677414508094,-0.717068205142942,0.744601897083085,-0.375702220910303,0.145264663847231,-0.368896701874017,0.147918270960451,-0.714159659248192,0.593589961764920,-0.293195698462373,0.123489361753154,-0.156638350953292,0.057887000000000
13,-0.204670845988862,0.035822449287640,-0.021716007258436,-0.419171426149628,0.741596448244708,0.420240428537378,0.457953839453571,-0.719680011549440,-0.480793503102447,-0.066351604481446,0.702316320034559,-0.713725377710394,0.268279848420162,-0.193120601922767,-0.743622237459264,0.768330256916397,-0.643672265404511,-0.208562317456956,0.615489989215013,-0.598712707927587,-0.252853859898338,0.590899181683764,0.273235518527454,0.270366811920709,0.201897507545275,-0.079688604852436,-0.159813544955399,1.356873000000000
14,0.067017120623180,0.719382725723292,0.217213108837724,-0.067020669745992,0.749558066708023,-0.391246720682345,-0.719368008304157,-0.247425318860315,0.517519772221907,-0.517553185176848,-0.217222373300185,0.391268804484311,-0.749569800144750,0.247429669430720,-0.764356535143555,0.299638510059034,-0.243907741194203,0.764366963327921,-0.165907133283108,-0.674572834922221,-0.299670826668590,-0.220146613808126,-0.590525303948372,0.590512511618247,0.243947446631407,0.674571729390888,0.165862855660854,0.220185851153476,-0.163154436116526,0.086833900000000
15,-0.317580458459672,-0.000726280169375,0.437111761542348,0.710438467773168,-0.589973271871909,-0.248660285505293,0.768072106478783,0.025971066530182,-0.398295542223485,-0.776846079635598,0.317731653683644,0.000358766058600,-0.687403150380089,0.201455621573146,0.558341563663993,-0.001088282704277,0.317865762660028,-0.627189503028208,-0.304598630684449,0.482419203765374,0.735440189371491,0.140652759330733,-0.782496079614498,-0.655231193946025,0.090118142823386,-0.000002158330524,-0.317455242967539,-0.347733287333767,0.751978375773375,0.517312510597250,-0.165834190790017,2.502787200000000
16,-0.232998652159585,0.574898415391140,0.205316847152225,0.451003616868131,-0.403952987809543,0.181853985887193,0.719559334539564,-0.327576815253048,0.782781586096670,-0.784897373737817,0.343652767872846,0.022445059419800,-0.705793897985062,-0.246437627790187,0.028799517250188,-0.608705853133138,-0.267330561719099,0.530348774559736,0.765443543527078,-0.653731518829655,-0.681793319423794,-0.302626118592400,-0.302951881062344,0.138140541362587,0.134340671512921,0.084083247887291,0.081001021902474,-0.781862549388195,-0.345049173145179,0.745928006645854,0.353424649104971,0.502658990195150,-0.168482554224049,0.125991900000000
17,0.776473258670735,0.388907276791932,-0.122199941420607,0.685820155691606,0.287005009822579,-0.089981496769216,-0.791655733166538,-0.397330160101630,0.004070637617742,-0.342415228402647,-0.673645494262424,0.386966287530743,-0.397089619438510,0.267623211438130,-0.671810587159549,0.003230848924315,0.686034389245608,-0.000008771242271,0.679110767943322,0.321429919724145,-0.395381923497934,-0.187557662258545,-0.332490366041737,0.001751364423409,-0.679151783312247,0.782700936618255,-0.017208893582128,-0.390654636091098,-0.675893159207783,0.682885908113066,0.215930071362026,0.389422709240127,-0.786700112159347,0.391800678034468,-0.170737010375530,9.807487000000000
18,0.691872677713232,-0.002124870028823,-0.679706055859012,-0.802117636423030,0.792870557307082,-0.397236919528529,-0.211464245867797,-0.404487827818328,0.401064825958112,0.378508445331302,0.696355590631777,0.000092150635770,0.386545601692002,-0.691381592199710,0.008441558092930,-0.400897935198334,0.270258485541086,-0.036594778308466,0.414850168038720,0.808111660309482,-0.395781066949273,-0.015201722554498,0.000089819284064,-0.704499808640535,-0.349486022924297,0.677939539352237,-0.697782927857010,0.158009216910001,-0.385845996054236,0.000074196093119,0.680818237038058,0.401377889730739,-0.784087980135854,0.093683679064690,-0.309755425186789,0.407492202189540,-0.173013006236175,0.850623000000000
19,-0.000023544488617,-0.326679688687593,0.097158893485580,0.646462116708868,-0.097106166420990,0.326702537577069,-0.063511650536344,-0.477057061283298,-0.336796940155214,0.803775823211371,-0.400305351313630,-0.646468163108875,0.063490098017938,0.336766891688168,-0.743596093825284,0.400263274854147,0.743605869878848,0.477108787886415,-0.803787301302243,0.000011303675732,0.739519962217886,0.802553551086606,-0.485394459194837,-0.802560834153532,-0.739494679009805,0.425548177208001,-0.652693914018667,-0.267760011108155,-0.086843007216166,0.157789560872160,0.485410117163530,-0.425528975262962,0.267768469286103,-0.317183269359567,-0.157766235949508,0.317134128041728,0.652664583726124,0.086817539843137,-0.175608099968187,201.628310499999998
20,-0.440815110779578,-0.485363457855071,-0.218723020479271,0.308164970354188,0.789897946686253,-0.716989605126948,0.772135777754097,-0.119489581278777,0.615804537273625,-0.418110555568221,0.200229431174494,0.257116125949109,-0.198506713199331,-0.692064019631176,0.000711323351037,0.419681792369428,-0.070033879523061,0.588046636500389,-0.811815758560925,0.220333026100215,-0.682825575341343,0.648795833472212,-0.356224797743713,-0.750651110803966,-0.173317647809398,0.348561515675436,0.220409079546028,0.791898906508642,-0.509042413085108,0.012454731556875,-0.367834313519056,0.764910839063508,0.369380191191672,-0.391863414951728,0.000663506599369,-0.010864128749360,-0.792911818286337,0.549710915756980,-0.028718360191489,0.357663362139913,-0.177677342770060,0.695283000000000
21,-0.000988906242854,0.112998128569028,0.272422874179073,-0.393626570560316,-0.278874806916083,-0.616059962651338,0.436246364287386,-0.304753952674100,0.819124638358940,0.475776577154950,0.711301737028502,0.452265910479014,-0.096520524328421,-0.096795907526311,0.723404488698883,0.086377296681979,-0.393877597011194,-0.794727469628285,-0.789258389195710,-0.597079610304025,0.272499459681462,-0.000227658816512,0.802671381290101,0.340847322318653,0.190050185231963,0.768662938999109,-0.531122134653637,-0.000000000000000,-0.757811941926878,-0.014116701914572,0.666592923921065,-0.387544480631381,-0.682174687215888,0.425913148283242,-0.426083367868793,0.363813443347439,-0.806746064315426,-0.189743431126002,-0.178763451410877,0.205983039204162,0.550814361239724,-0.341037848244482,-0.179735032018634,41.759378099999999
22,0.509362549552448,0.724818967928714,-0.501391766216464,0.178663584752367,-0.804664438805024,-0.735794261536228,0.000004037544682,0.266049468148912,0.816463967319730,-0.735425188289643,-0.384451341644040,0.426712405147256,0.266064149210076,-0.094954669946633,-0.094931040907329,-0.502019062040582,0.508735461803537,-0.181287601434550,0.179419957650487,-0.384438980576683,-0.182101586122272,0.725143375699466,0.638087815079719,-0.349478397731880,0.629353867127512,-0.784584403233227,0.000401460721304,-0.353862586972476,0.000000000200827,0.333612788390437,-0.000395833028648,0.354626975766544,0.185126460990234,-0.000004140628145,-0.333621752984180,0.415996635192198,-0.416016483901743,-0.628858278202782,-0.638600109746986,0.796076437853244,0.784406556423026,-0.185161054361770,-0.795897850060360,0.348792736125580,-0.181477716085016,0.226478200000000
23,0.131072154718237,0.644279433206927,0.803551388487837,0.633308654141689,-0.348115061989192,0.205991606141743,0.365785576158067,0.422454802274484,-0.644265069401156,-0.795801450784443,-0.011128834105982,-0.131094828725842,-0.206009397816369,-0.000006082322777,0.795791899575650,0.391764013926629,0.348125279267593,-0.365758332207229,-0.422466630400111,-0.633309874405453,-0.391768677662307,0.011156791793874,-0.803553958968314,0.422650641492562,-0.501448954079432,-0.172110473245394,0.519973656530057,-0.743474475230118,-0.391226281687579,-0.736602907305156,-0.131018062041702,0.501464443158744,-0.190469629368919,0.816886646114527,-0.422674823789271,0.391224511746737,-0.000007041919447,0.190473447668430,0.206291081358359,0.743457503805860,0.736621833049779,0.131010715735674,-0.519974534417792,-0.206290161976776,-0.816885881288291,0.172130929136387,-0.183059452703349,83.222880599999996
24,-0.590691100812949,-0.704823707442933,0.319527079967046,-0.421740202929928,0.105420640616142,-0.775370100578175,-0.296346230613889,0.296376991964753,0.421716472963824,0.018188410261216,0.355404464119536,-0.477076867550717,-0.824011345631487,0.775401888811400,0.069513774165735,-0.069507317909479,-0.018201977198783,0.823998076772883,0.590718928653495,-0.319554973993455,-0.355385197066415,0.477073017576446,0.704797902570914,-0.105415425214490,0.572150776878454,-0.441748234078284,-0.307514833282257,-0.717236622635473,0.115668253539764,0.271784780787996,0.767066730771946,-0.767066016673547,0.717232677744561,-0.480225850272101,0.367494085659955,-0.000084385018210,-0.093381424747205,-0.271743755206388,0.826934876197446,-0.826942771534988,0.480205518515296,0.093437513355888,-0.572120497882156,0.307477575029823,-0.367538111964709,-0.000003998365413,0.441788835650967,-0.115653310076036,-0.184775906061434,0.331393600000000
25,0.788154735784695,-0.011239984336241,-0.593098502801466,-0.490333905852734,0.142283621362186,-0.333973120510805,0.156332766903020,-0.318403802633845,0.460597861391635,-0.141612176042606,-0.493908169484188,0.318341716195019,0.338320484454104,-0.830449906258939,0.491166369299590,-0.720223038781974,-0.769670059890414,-0.313836752413319,-0.177618112881971,0.011138037396338,0.822729948224478,0.332590558396641,0.628909659741818,0.011141765639325,0.692740403584586,-0.236753243828832,-0.445640606878889,-0.570855622181749,-0.002464849610446,-0.056138579205870,0.355989416772016,0.804426415060881,-0.316834125482248,0.677700356641842,0.056085130327965,0.669290947169929,0.315768954977487,-0.748478222018829,0.065549158600053,-0.000023958750162,0.394853142312453,-0.284531806056439,-0.752360998282131,0.797675481514826,0.445020055307887,0.119997940709077,-0.357691327590217,-0.544099594368628,-0.821993082452869,0.435509265995330,-0.186356533175314,328.043341499999997
26,-0.668698760469039,0.465110537933176,0.259217554931317,-0.188576698117435,-0.813105292828935,-0.813079370539173,0.464444917089351,-0.075467613311310,-0.457358098957432,-0.105481597353895,0.199564623965969,-0.105444290609231,-0.426782105932568,-0.426794186347370,-0.075484667640845,0.766505123378675,0.185297291558216,0.766550927497939,-0.189731927761152,0.821802950188232,-0.457162609333048,0.259263808702217,-0.668805220392869,0.186240920612009,0.548860710456251,0.548787125593829,0.482744115273471,-0.204587299678597,-0.786852341036788,-0.488855905429012,0.169186194990415,-0.169048320218900,0.205724113134065,0.827681767227292,0.180087592356748,-0.174351808015508,-0.000000790567369,0.174246986053994,-0.721304745577127,0.721491382877235,-0.827833795997559,-0.342723830289158,0.437047632384026,0.342518574866172,0.488402868446357,0.000024604944620,-0.181161227898225,0.786932029285505,-0.482850573698319,-0.436516243158460,0.614417347431039,-0.614409921207625,-0.187972767502570,0.343451800000000
27,-0.308537125436165,-0.835020285810231,-0.447254714562498,-0.744784734436857,0.184983829017432,0.034898200228502,-0.155002994682376,0.522958873599629,0.076081668438872,-0.030072584395540,0.831745683289705,-0.603257943179140,0.391346774826736,-0.261120320653429,0.371211024640971,0.641920894447251,0.453206564692772,-0.198571953702961,-0.779693299270872,0.709906987577087,-0.523088635269316,0.801787240411422,0.137784644127291,-0.261872936222208,-0.497807354635974,0.381831913244173,0.106421973312671,0.782162000246141,-0.041055758886892,0.170227000572948,-0.389634159397107,-0.072041464409705,0.839770106560897,-0.124149844723255,-0.000000000000000,-0.472439223868342,0.196371134367553,-0.123616621604046,0.577679655987008,-0.348946646039597,-0.453141963288646,0.302013923266189,0.529765406765570,-0.702576203754191,-0.811315962663783,0.291209450254713,-0.450002475999560,-0.658318548495735,0.233785704134508,-0.820823438776451,0.452674789222811,-0.164690873872732,0.743720685928787,0.513354249944584,-0.189658113446309,1000.132857800000011
28,0.194968090992866,-0.571350843328460,0.680452870147878,-0.160983637401023,0.827681935517428,-0.773744891199277,-0.262366966420743,0.824281680925625,0.411191323116314,0.412097272788011,0.150243745329774,-0.168639065663643,0.157569199401774,-0.095525482537017,0.089027543909301,-0.247674133360559,-0.098918934870644,0.104024501460392,-0.473649797057966,0.424382649846711,0.548471224582508,-0.779651783530925,-0.560041257371796,-0.833800460945189,-0.441156708722589,0.671482834497715,0.407940162914925,-0.436129650286572,-0.001993110545982,-0.623397768571391,0.497104241579038,0.510297972083847,0.179465298621766,0.337968530948412,-0.808199839400178,-0.194159712394309,-0.729448243933712,0.297314461524906,-0.469540963067354,-0.507686977858911,0.467547680205320,0.169362085036113,-0.833644481161426,0.812854331996515,-0.167470436285061,0.831952172385674,0.003690536481075,0.721876493708400,-0.004210763570256,-0.323914844716614,0.633480497916114,0.007495293838600,-0.306639535964495,-0.509404126917851,-0.303979077751835,0.313297946124811,-0.190902179164311,0.457333200000000
29,-0.562568030325016,0.190712397759750,0.838968271580330,0.513007212378918,0.365748773458904,-0.126641863228554,0.755969127940215,-0.802318480582956,-0.372783491371574,-0.503072337744878,-0.263103992393955,0.551509126655958,-0.481113311516903,-0.274927237602739,-0.623611913743892,-0.752344807353858,-0.250059163275792,-0.057903728438571,0.127112639633126,0.637858376086404,-0.832420622874763,0.417369738575774,0.273048828014781,-0.190155486671786,0.788360969272769,0.084176562186466,0.405146819415435,0.087665770199434,0.056402399666520,0.627152801276940,0.122603440540203,-0.052683949649783,-0.000000000000000,0.748902017537041,0.194431460058779,-0.365435837696275,-0.273517762772408,-0.755647434998503,-0.179770235811153,0.800068893459613,-0.634259284011509,0.167847426880373,0.471093549615032,-0.550453875640518,0.367855082778744,-0.454154209455812,-0.835946996763640,-0.196204078942567,0.559853713738749,0.054870060806240,-0.332462332414992,-0.794278673972926,-0.124731370708521,0.265686431153407,0.499743556332172,0.353471700621146,-0.519755631013308,0.835578979857438,-0.192476446490185,57.550494499999999
30,0.595800196146203,-0.321642316651105,-0.000090069780185,-0.841449958890829,-0.783653066670133,0.783702949088071,0.783681697235531,-0.595888164963247,-0.509495810977635,0.158559966892715,-0.159265356708288,-0.783732392928514,0.160044930144297,-0.447244023058205,0.159284662714141,0.447542285033555,0.841453772680815,0.321674180175323,-0.447511630813030,-0.595541989964699,-0.322026598436066,0.447236608068479,0.595615015571510,0.000069144004603,0.321961053471672,0.158779976124155,0.509510254856920,-0.158757082304505,-0.160028513594008,-0.158553864444637,-0.603310930012782,-0.781397938143910,0.841402043049627,-0.000179608147556,-0.316853056552056,0.316750318806460,-0.316622223128669,0.603256816660693,0.000186123719925,-0.501479590352895,0.160638252521529,0.316491801277543,0.159856760653809,0.319396202460572,-0.160573809186585,0.319353691947378,0.000036446797926,0.781411298353213,-0.319287978118517,-0.603572538910843,0.781328475476169,-0.319344826056082,0.603542810563715,-0.841381248870240,-0.781351484672714,0.501099510217261,-0.000113662855158,-0.501039009823170,-0.159776132857610,0.501532577620000,-0.193968031790966,0.492226500000000
31,-0.531381849149879,0.781666165104934,-0.330492220979504,0.001247091932390,-0.593866356334789,0.555276401596731,0.438407717656241,0.009603953911863,-0.330169758743814,-0.593573663082794,-0.088618600568264,-0.335699542385121,0.601312180395641,0.856186060266532,-0.335762445845615,0.334114958970182,0.009940420004295,-0.852041379795659,0.001155374102072,0.781664464481068,0.333879042917788,0.220095454779249,0.220236400210570,0.601210305069924,-0.531457572289109,-0.088490629380363,-0.223567030037532,-0.784757393635810,-0.784565049993763,0.220554027695706,0.438511214470360,0.156725295218635,0.325701567696975,0.783759480685506,0.223426183018517,0.599631608446413,-0.000003351671296,-0.286944780929544,0.854032814275877,-0.783911506861551,-0.599887202068402,-0.555905991650131,0.381856799104701,-0.595311740659643,-0.000000000000000,-0.381693238491072,-0.782105115308357,-0.853998101246723,-0.000209299306369,-0.223354669827934,-0.325597923193557,0.782245597139379,-0.487027079467213,0.487060522073659,0.595457618897653,-0.156582779862456,0.555957124067665,0.000076146131218,0.336887491972459,-0.337289676874573,-0.000001099335697,0.286954728867274,-0.195089644887375,75.758607900000001
32,0.851920693106343,0.198069784443673,-0.097137887487543,-0.789066410509586,0.327243358566775,0.793336586632645,0.794282324639925,0.212768528778369,0.231720733428237,0.212254403571754,-0.369610650920359,0.600707978085156,-0.328789027860558,-0.087141511704681,-0.248640632273855,0.326228795369002,-0.853659914782314,-0.601805224639829,-0.526718032215846,-0.789976140846167,-0.063203197955478,-0.607670173252882,-0.070143829060396,0.600281283798150,0.541640829151875,-0.357679544519140,0.488544244227397,-0.330995394449659,0.008689953223253,-0.549927435353503,0.479979683644488,0.004612747566326,0.000054531641911,0.155637913514685,-0.568139402280919,-0.334809732458511,-0.786390743512877,-0.320356135906820,0.321576916534643,-0.139390395454289,0.494490173416507,-0.497980176163147,-0.399666619001047,-0.609615889215989,0.787648855465209,0.232702096946212,-0.014672735159328,0.788632337524533,0.001244532252685,-0.604387721047363,0.170805637822663,0.327839620405910,-0.244659037660965,0.602715162685083,0.562050712038351,0.608025854960038,-0.007566449027929,0.426738700623711,0.303749161911392,-0.787971515351188,-0.856640407327070,-0.146516895376614,-0.322267950082768,0.857028062895808,-0.196321668638327,0.605074700000000
33,-0.234582990507957,-0.166397314191244,0.437298173554267,-0.468949608308345,0.581531003753412,0.093813310399033,0.785737825057687,0.303137982455914,0.862072718442986,0.785835825318642,-0.248321805680063,0.179033047199416,0.069009623564009,0.392697036949904,-0.506863472115082,-0.736200091724003,0.629125214694255,-0.234015281058227,-0.736546431287950,-0.830861153106769,0.436691793828896,0.392956464192731,0.069387504394268,0.629393833646261,0.000000000000000,-0.506403314284697,0.095898250692374,-0.165421155031690,-0.541603515058247,0.179262481873737,-0.247007770580335,-0.469147905465944,-0.830538429052570,0.815995144135205,-0.515635775831965,0.319474481447305,0.349246943918667,-0.000004578534246,-0.291697532470230,-0.308068490380658,-0.001057621110478,-0.000000000000000,0.308282488095042,-0.176977111628827,-0.560661239021526,0.849930346996056,0.761614732473353,0.680047630030646,-0.445129801177749,0.567446768532048,-0.816094043844498,0.444466038282105,0.150753458769037,-0.320107581919296,-0.761418482635836,-0.849881399289179,-0.567224067348503,-0.000000000000000,-0.680317433426083,0.291076638773992,0.515994611462077,0.000649031663864,0.560651201031039,0.178810997238794,-0.348736294660434,-0.151473074308461,-0.197397831544325,203.804084700000004
34,0.794393083059838,0.192301616124462,-0.039159854459416,-0.796612665798986,0.792352672662604,-0.644941395765145,0.426443624160943,-0.391275128733738,0.139439735714535,0.553212655126469,0.646875188294151,-0.845312720661580,-0.523345546970705,-0.320860008820637,0.149170048128192,-0.511317379362311,0.243650190269970,-0.657442481482152,-0.419858943896298,-0.144191094350342,0.853561022678910,0.430180518925593,0.267726366646059,0.421348795342738,0.077021491972677,0.649841607571024,-0.799355426856137,0.074774810913075,-0.423969413004887,0.466204076499576,-0.151550810408914,-0.197118052385311,-0.195439747717855,-0.116793717615396,0.287474896845707,-0.523410226478709,0.536092500089417,-0.284702756661051,-0.294763267069961,0.545888747897976,-0.735611288279959,-0.390428700011704,-0.837953690243139,-0.044050045104319,-0.545383747409967,0.003857047752535,-0.108473370664018,0.437702532737065,0.830976089790744,0.190208575795956,-0.000000600798079,-0.542532575565200,0.738325993004201,0.836071652320513,-0.000004192247629,0.736943360977426,0.480131130207793,-0.318872865332858,-0.232968092714460,0.539825371270385,0.295062206516911,0.231053096167477,-0.732040251564903,0.253912971401276,-0.832923154187936,0.141739462328493,-0.144526116564660,-0.516641288922801,-0.198860551590415,0.704597800000000
35,-0.078589053274848,0.240933606014572,0.861338197192742,-0.376985431898698,0.436739173672783,-0.801004927087053,-0.216742716406132,-0.257851819653650,0.435860974743253,0.794199092499463,-0.092357548081470,0.654235292332023,-0.850917089244592,-0.523140788980278,0.577164732070482,0.236764290085839,-0.147450719359980,-0.423953900900101,-0.003272127163667,0.292950095721633,0.795129535004789,0.062233849591319,-0.801581886325441,-0.662434739176903,0.149636676745268,-0.141546668083328,0.141078401234031,0.449612817801914,0.651164353043833,-0.364890725147633,-0.647939642134757,0.124158456675265,0.455452421707059,-0.418006478152855,-0.550103320733190,0.533271629989102,0.530994219623482,-0.000000000000000,0.444176459487852,-0.737736840697842,0.284983196793560,0.203988986245457,-0.145145165330318,0.741604750176149,-0.290570308960569,-0.545252262247049,-0.541468065124214,-0.002488602420370,0.151433472730130,-0.000000000000000,-0.520281069619623,0.835980441691461,0.743552434444321,0.000174793557975,-0.029012581576700,0.293125399611215,-0.287449830214788,-0.302026006762476,0.541125288605141,-0.835665428013292,-0.841948816574848,0.839197367979012,-0.301740639646004,0.541937241709664,-0.423333699457913,-0.551777166854369,0.270177805246877,0.289265306930022,-0.741756331850920,-0.148186435069159,-0.199974452047204,310.381915900000024
36,0.468266947299762,0.425400541395309,0.256593144754534,0.450758863491094,-0.409681260004702,-0.001076253290460,0.131814396584092,0.587861146341391,0.228822600636552,-0.134391394788479,-0.651667922886641,-0.396198624383727,0.804256425699703,0.152677988558566,-0.161862049843446,0.795295600263900,-0.059273357790565,0.645838512230395,-0.164901122160142,-0.314685456839785,-0.803538315354731,-0.668339685898901,-0.541196608950627,-0.813951788018211,-0.849046722018309,0.864293545699438,0.160108906037403,-0.556229412846694,0.479954231229022,-0.434571568850198,-0.086062678075985,0.310196341578399,-0.374873715927631,0.664473278210221,-0.159130991770153,0.154044837115926,-0.312654488576359,-0.748723755312233,0.531898799151144,0.735281916536624,0.752184964812197,-0.000140041684399,-0.845687876102906,-0.015089352795059,-0.543355017041302,0.845614644023569,0.559541132388648,-0.428407570581726,0.279223207050040,0.272304338302628,0.269570493608475,-0.306376474508274,0.562218792520427,-0.557721089099263,-0.841712217624195,-0.002129934074517,0.303860419022749,-0.539534010706804,0.184991130310113,-0.279096823726418,0.015127008124655,-0.013342564427991,0.839811137332859,-0.155785369846491,0.291107068772674,-0.734760980269909,-0.562710590603427,-0.000002751019092,0.454347513921661,0.534604685642176,-0.271582615133108,-0.272917592261372,-0.201200899170010,4.979462000000000
37,-0.200878649825651,0.530396410555032,0.805700917616296,0.154982547125179,-0.200685440046568,-0.589220271902994,0.200873872987117,0.304498597639231,0.000007135877348,-0.862177060442142,0.137217641690495,0.807730740745609,-0.431266152748408,0.388368741365051,0.652640937957258,0.589208470463407,-0.668502413308412,-0.304490164308856,-0.805781682678125,0.428665852005453,0.103836439573433,0.431178051993742,-0.428659703907206,-0.388345426012991,0.668573173885829,-0.807665068455018,-0.137258800129610,-0.430937401088011,-0.101710878209909,-0.154976187773289,-0.652736588981098,0.862196271913461,-0.530369804834307,0.200694803684844,0.101705156672101,-0.103811768982205,0.430986678119090,0.564431989944221,0.188830342239818,-0.306828619251582,0.843153463888409,-0.235723475991299,0.108250623091523,-0.564373465654975,-0.055859638835760,-0.000000000000000,-0.000207600010438,-0.851167435663819,0.287268631269246,0.746579996053240,0.456220640973498,-0.555835750646425,-0.108182535433594,-0.544464789350662,0.055953341293865,0.306686920034289,-0.364885385812072,-0.291650889258204,-0.746609685063115,0.364951041766283,-0.456144458221974,0.544391234276954,-0.287398819179917,0.851188172678420,-0.746747030829483,-0.553675972913221,-0.843146761704526,0.555751268963745,-0.000000000000000,-0.188747916781277,0.235794544394989,0.553719098658094,0.291691172774461,0.746755079752057,-0.202459909016017,560.710182700000018
38,-0.152939329201113,-0.751031671416587,0.477372917906040,0.152305093656632,0.208815178849650,0.481970272843371,-0.483593145762042,0.152478464776074,0.291202888429281,-0.339382992707758,-0.002687089680058,-0.483498112657821,-0.590917885677778,-0.001169055982234,-0.338902240397107,-0.582334937485586,-0.582615155411348,-0.002584885927084,0.209231940662929,0.586719456970919,-0.297542989369455,-0.152724064026056,-0.065983073019769,0.675725499772787,-0.306036315910303,-0.750862941663084,0.291262422208248,0.806170556014511,-0.066484220989780,0.675598326972445,0.304289871123155,0.482062434568661,-0.297684331707889,0.477075791637075,0.864593944485601,-0.847082796227772,-0.847008120305419,0.806183503476026,-0.264704863531856,0.408347491550218,-0.719913259750937,-0.263993857655093,0.828556596347338,-0.279793807364747,-0.277662956322353,0.263985829213710,-0.510598077048288,0.792407699567514,-0.557476199660110,0.277735708505981,0.000039329288084,-0.000001476337211,-0.792606598789214,-0.628995918270907,0.628687941804122,0.557548685871131,-0.828385576537596,0.000034072213644,0.509424303132784,0.264715892955072,-0.851770902835875,-0.521009790311455,0.000060448970660,-0.408711196687044,0.510693541701552,0.278542229663768,0.851725739299961,0.521264880654411,-0.000002639892733,0.279856975885752,-0.509474855701468,0.720123155860333,0.000068837366534,0.147144711605751,-0.147516913246090,-0.278310746882450,-0.203503833781132,1.873084700000000
39,0.478574028558297,-0.578102848163891,-0.287714457462746,-0.247889316323788,0.594578453495843,0.060251680346845,0.833150582719510,-0.480469833025888,-0.628244330275416,-0.338270179602229,-0.858082271560504,0.520402346660606,-0.533609605360955,-0.403511273503321,0.239561202162680,-0.288500686369017,0.716541367405181,0.321598793072341,0.414132626789083,-0.006221265351120,0.146902446901637,-0.071326367065095,-0.545815360296804,0.199549517762598,0.858496901558132,-0.783974246692412,-0.070875053294283,-0.838009473278536,0.639897103000180,-0.290199576445560,0.526414537194050,-0.724046389181242,0.347340834680468,0.000081401001173,0.273086371387307,-0.132857583931930,0.200234550077530,-0.054843238816211,0.791756506131624,-0.334680424448148,0.052056660168170,-0.807434944046058,0.533919240823630,-0.058544468021705,0.578543233317543,-0.223374611014297,0.346333925668144,0.591325747522727,-0.470028561708083,0.081155419762505,-0.679895814350945,-0.675863486712793,0.764282508701756,-0.535490838764823,0.139710821702124,-0.481239903786622,-0.000880323468346,0.758842582050651,-0.864820572765990,0.849061371508075,0.311962039753920,-0.247651210730435,-0.250581186389118,0.067779172415023,0.349252292460682,-0.312382855338819,-0.199560825557054,0.573930973155576,-0.139366868462594,0.240786299631701,-0.470012280440635,0.486834470457521,-0.000076010067203,-0.817947508368198,0.845334046504429,0.251171539465087,-0.591240678367510,0.338765376967188,-0.204498603933809,360.451106900000013
40,0.475899922182128,-0.352630185977171,-0.587691220259526,0.677763192227236,-0.448288282893073,0.212701019798232,-0.204728428308709,0.222401405706691,-0.195735713935237,-0.758222184309919,0.534486578869784,0.332147683979060,0.061564685126917,-0.579761402852157,-0.570638139024721,0.819400016416437,0.577165933558749,0.862198031754226,0.071595682911187,0.683337282251128,0.822023153557647,-0.852313297658404,0.282282036505123,0.535242288018077,0.468005878209044,-0.069077368117934,-0.854911952061498,0.071892892139193,0.330964076665076,-0.201606953048320,0.001290234910756,-0.342375418145556,0.286337950373037,-0.447738716953282,-0.203573434800726,-0.317296730113980,0.073653815324324,-0.078368769582764,-0.574597945616629,-0.762806234864851,0.719197477939920,-0.788874496312070,-0.635983189369519,-0.537853476728851,0.396638298127540,-0.840010371674476,0.241985011354257,0.837494001983290,-0.249777285094901,0.414940380298205,-0.280753773407829,-0.475397396063253,0.310586037712177,0.643806644707839,0.145717805140372,-0.280903761327528,0.000129994867062,-0.004494827035255,-0.308978687613799,0.530998047630278,0.272361639422362,0.145791792092840,0.142832405302083,0.279913410886610,-0.724927776817397,0.861943569422395,-0.134603407143958,-0.596826928917692,0.473936634680896,0.546315844531501,-0.000000021815099,0.792538304549349,-0.134946628032187,-0.393151730375406,-0.549098107322192,-0.006331958221478,0.597954302543441,-0.861073334521272,-0.144661868085369,-0.406387958242802,-0.205578121788847,1.119180100000000
41,0.710103287822771,0.488966429646002,-0.684826238767910,0.824486984589168,0.289242020846176,0.073284360960258,0.334979646542774,-0.573475089615272,0.178724571049761,-0.860006808225480,0.207503451685695,-0.485496884240948,-0.810331280572461,-0.211164341653276,0.593332790272536,0.337978300425218,-0.428266895945081,0.506876018243885,-0.209236967026411,-0.240089426510924,0.531501843750792,0.680691939560231,0.808044155324665,0.240325539865989,-0.023305582100837,0.510945395411090,0.866336969959160,-0.708868567094762,-0.525798761570080,0.000320262205619,-0.052348644019946,0.024627013002474,-0.291294246947089,-0.289996562008345,-0.437534647990900,0.311843611133082,-0.565671223941671,-0.091142314357546,-0.829810835840074,-0.272915449644794,0.071451134140394,0.483687316147114,-0.716209655939333,0.525768808155726,0.242539660405978,0.810218132827352,0.575854468257445,0.487318233254402,-0.141482455482349,-0.255694918638777,0.025249223945057,0.234565199792887,0.710729506346834,0.290494318569868,0.547923759462434,-0.000017885317581,-0.488273311571801,-0.385442676494981,-0.266858115549535,-0.554943246481930,0.829225867726809,0.683015028271565,-0.523599059587230,-0.290371768661844,-0.824536479298821,-0.858190246954172,0.264750818345613,-0.027278743171925,-0.485308442996126,-0.680030486253596,-0.000268057034150,0.309284175067393,0.860590747453850,-0.114820166733235,-0.816875153345642,0.390191418647400,-0.016824447087107,0.134571289675073,-0.298792188110767,-0.246170041477247,0.154662941007511,-0.568600283399375,-0.206517855080332,1000.363560799999959
42,-0.868649089579756,0.549407090730488,-0.571557505589473,0.827602210614496,0.208243952078527,0.684374642230521,-0.234833146073386,-0.754002550666928,0.461653451494413,-0.602367335064375,-0.355198267306586,0.372916470750715,0.330858202255591,0.338848626562282,-0.374039807089274,-0.431988295557845,0.158270785471706,0.615885287564265,0.089986161007133,0.119837899381221,0.469100761969994,-0.101635364600097,0.044549704660800,-0.066189420277325,-0.332570564992477,0.104187416071062,0.209396238784569,-0.476230042196773,0.873019581822788,-0.620671768055283,-0.119810371524598,-0.855067007622052,-0.768928276846036,0.824065614275976,0.347442997502597,-0.185709110011454,0.565620547081304,-0.072431128117327,-0.333134699259050,-0.589011372975637,0.676421957627313,-0.157568151383278,0.117707129902660,-0.319287114961377,-0.657395116569048,0.284737586724440,0.843113702722121,-0.544867910408931,-0.552914916023293,-0.430578099220145,0.735686484473541,-0.112536295322175,0.796525102432584,-0.130322658192491,-0.519065838255457,0.166183140784492,0.120936347474414,0.427713078383634,-0.317362018526760,-0.000007522051769,0.594023287250048,-0.020265109111345,-0.736658178263731,-0.307423577547670,-0.599045002456630,-0.863442469915841,-0.174492211719669,0.303825931214379,-0.839500063882310,-0.400949940420285,-0.000035028594390,0.192097923850971,0.021717482762576,-0.170530776324724,0.417343966849349,-0.278092033828963,0.488717202049196,0.590666222420951,0.298181465453120,0.866640957970155,-0.802581348726209,0.641021739272250,0.551913788705218,0.317793991898505,-0.207238488903622,7.594564400000000
43,0.304117732899259,0.831283731485489,0.527544389512518,0.069808794218776,-0.083614126722418,-0.283751018774902,-0.244172091144739,-0.331640804855736,-0.350452892837450,-0.312510188654228,-0.717862900825368,0.540747966542236,-0.079373411033730,0.382582271363003,-0.561874797568286,-0.682306343840330,-0.544234273414326,-0.537796211184662,-0.483066390416846,0.394820589728519,0.812086822253088,-0.144087000042859,0.201946910401036,0.613690766471786,-0.039093009756177,-0.863906559892382,-0.366569432782383,0.041658246771341,0.121847462905723,0.525373053832434,-0.125261429414207,0.225752619471587,-0.584445982139683,0.223778251875761,0.476755331192060,0.686013208129919,0.335446127351611,-0.824946215104017,-0.060636340588530,0.718780747204321,-0.832937998595072,0.873408032438495,0.146741988617112,0.810444820851620,0.240609993710580,-0.251893496208925,-0.089672255993718,-0.325425699206899,-0.136660894148410,0.841687782439992,0.149816560542435,0.458274981247232,-0.812276975854629,-0.485253752033170,0.682315812378176,0.097549833956117,0.463025278517212,0.285352899927831,0.539950068612439,-0.255657901154097,-0.674508886834917,0.714088506810857,-0.494230056325598,-0.297380857444259,-0.596930276115458,0.239198357959376,-0.000057989661891,-0.867005331749893,0.022226221186521,-0.446744328700631,0.867200205578779,-0.570507642753713,0.248860914913757,0.615196015172081,-0.291770446257898,0.002990348416368,-0.834218381878984,-0.735549873101573,-0.533721760288066,-0.000000000000000,0.287977968916277,0.355297748787677,0.480170197507716,-0.239641425479531,-0.032343088334981,0.568870605495428,-0.208262159984333,445.227197999999987
44,0.591195316219918,-0.410507696317929,-0.868338848854856,0.756279217506288,-0.117783535310431,0.249477618438077,0.633873383018057,-0.641495066238238,-0.249584292101143,0.856473851369798,-0.634003356032519,0.541910246011689,-0.856580989313980,-0.124296069461508,-0.591786757084907,0.124211251724807,0.135734935110507,0.373696905454077,0.119362703794812,0.543982811527983,-0.373061265162201,-0.383343961027667,0.410430207819961,0.642927516162517,-0.541258366220997,0.101036686060838,-0.101518455603548,-0.358419145574461,-0.252303567524370,0.001899375843983,0.384673338254629,-0.002401685131251,-0.784230288301548,0.158584414798038,0.357326104567354,0.252125392502105,0.868829910034099,-0.756378036111308,0.783619290817967,-0.158499197551275,-0.545045919970600,-0.387318663372085,-0.136264821434511,0.386607808659815,0.643124744134744,0.768809985123895,0.117472591723875,0.430458731187265,0.000710914371621,-0.256967699394807,-0.599489441987836,-0.009447248360186,0.257559469605903,0.176537733994772,0.599224221781421,0.270898046080286,-0.176090511503339,-0.582738069198236,-0.642430639407421,0.581639608708603,-0.577066581499300,0.495849331765900,-0.001068465611727,-0.259829122184463,-0.495611782151644,0.002055435479220,-0.768580898605315,0.007627932405865,-0.271163757895641,0.861100429662419,-0.861561262588151,-0.792334571388560,-0.254083154945596,0.313133509598007,0.000000194476641,-0.314103278023618,0.376362020935815,-0.852360260460716,0.792648530593506,0.254927420706568,-0.118149251860808,-0.429967783214560,-0.376667733984914,0.852457139614194,0.259372182006292,0.489639266324796,0.577099680836726,-0.489820555588889,-0.209262705704032,8.665841100000000
45,0.536793449224582,0.232863513284074,-0.369882122844035,0.539335975434374,-0.630574452066684,-0.493177598464914,-0.534827189064203,-0.874009734265769,0.137714086166705,-0.249844095852215,-0.245838641904436,0.380170166064452,-0.014023054051349,0.870983888187896,0.002423717402759,-0.133848458418646,-0.808329912045472,-0.355586549119513,0.631619040661016,-0.580237955012499,-0.260151300867213,0.600520568495803,0.373987469628496,0.133422725859011,0.378287737948067,-0.123124677960795,0.797706600495761,0.662844592207216,-0.843003206157988,-0.377741517851022,0.755467200183403,-0.741377645902858,-0.680348089526133,-0.116552892526628,-0.111248574885221,0.379037570275631,0.245815843499040,0.249961600887513,0.117196992174525,0.850044575561886,0.468433225034188,0.124595046511665,-0.541289136047509,-0.381783538055099,-0.002420084057545,-0.264976322357940,-0.832722421262361,0.491505699692705,0.261558110664543,0.011036478975383,-0.719615946328026,0.271110484062983,-0.060635673967251,0.853969519998237,-0.251625406827670,0.255183695023327,0.779621294490007,-0.861670565133426,-0.089783649481482,0.310962105765506,-0.571977721680513,-0.313752684202459,0.790552623845088,-0.000011635626394,0.651043834332846,-0.824489857654020,0.631893979575864,-0.487882975753169,0.573571749999139,-0.003374958517121,0.576071896867959,-0.340255269813321,-0.557557343403154,0.211763422349822,0.002583495114620,0.426203114213056,0.449942560262219,-0.535337641449390,0.000906854157628,0.857654739233850,0.485340631538968,-0.255519278375761,0.251593411718642,-0.000597766369463,0.184918016802947,-0.735352341031007,-0.573964194320901,-0.256004023644293,-0.481423316820334,-0.310600428362731,-0.210130093737552,506.232609400000001
46,-0.872969468490315,-0.852301260418414,-0.071052281163157,-0.315292580968286,0.738459300382047,0.103922784835571,-0.602965548356368,0.193080677344183,0.173805370794676,0.182409380191921,0.575371139623759,0.611248130733352,-0.611789113511000,0.069424837318241,0.670601671557273,0.853588797568944,0.466879275925245,-0.050659675159005,0.415904215044198,0.330187184262510,-0.520431952123920,0.871824382570409,0.152658388073864,-0.462896574893832,-0.345626887368593,-0.491632973965282,0.819040347134860,-0.574807870907299,0.397170222537014,-0.673161356648184,-0.060591349957866,-0.217830012920188,-0.311272395411318,-0.082980698666367,-0.813712879118346,-0.205622748896576,-0.742660409814517,-0.072961821063020,-0.337634673537250,0.328832243792405,0.553962824784897,-0.082281646996078,0.598626343903116,-0.327793251039218,0.216062986154849,0.378079812880597,0.059218105274742,-0.213114266809932,-0.597365618683444,-0.823407054009560,0.477993803568122,-0.343536410220076,0.121825811804905,0.580991814876413,0.301433048412266,-0.602065386681496,-0.275339681273987,-0.018848497834765,-0.129916775128173,0.876018374508918,-0.562381966238010,0.209994973981463,-0.739838725985956,-0.869721452670688,0.447314752560978,0.808239281245649,0.372977180334737,-0.058269219055720,-0.000005720588132,0.741433145577350,-0.077661754200045,-0.351863474040618,-0.324610644710443,-0.668104416803025,-0.467607414416386,0.568807384810182,0.644546517390230,0.851097186123374,0.527679269063500,0.126759226249124,0.323767345962395,-0.344573068623582,-0.457035483222253,-0.138275525686395,-0.571228239089636,-0.186183444986070,0.674372106606951,0.384411490069550,0.257472706328792,0.197010140809483,-0.852374137746852,0.120406605868203,-0.210940570317239,10.115975499999999
47,0.074307204774947,0.322423390715703,0.546966482711211,-0.639626356065176,-0.197652864049240,0.421061830140848,-0.593221636320729,-0.593437698683117,0.391155220506613,-0.072295674395076,0.546093534936098,0.151132794349991,-0.293405031059302,-0.196381483258682,-0.519031656417948,-0.006493700180714,-0.289687398516689,0.073246526933830,0.239899673506877,-0.058247712938462,-0.640773609808717,0.546420301326583,0.643701572456156,0.830064484806143,-0.792011194734435,0.321632763390638,-0.289098858157920,-0.861970042594888,-0.058269417718618,0.545765942936574,-0.519095514829600,-0.861699133845179,0.196558732473431,-0.792586265594663,0.883381630182399,0.196836950790511,0.720501951468531,-0.434305813863954,-0.435741901880304,0.421307425273049,0.830036298157053,-0.344939194776344,-0.007076989806541,0.239499852771535,-0.293536878794593,-0.071932140965605,0.720309751982198,-0.871552756469502,-0.809159171474014,-0.684870590158918,-0.600872440421431,0.854730362664761,-0.458915273572696,-0.127736393796502,0.127689793306517,-0.000001406540220,-0.133056332037514,0.244262547466298,-0.000020870329224,-0.531084000560219,-0.854999844336988,0.375115001227945,0.378081338796360,-0.262085708789820,0.871773174549506,0.259548427139261,0.633409926317313,0.599674164880425,0.685362166019716,-0.000006949870625,0.261927439941977,-0.373532436520356,0.809597975424474,0.262947085131448,0.124460491190221,-0.633200754263609,-0.244189642278107,-0.375412139985936,-0.126005592888973,-0.571361226686235,0.372143838257365,-0.000000000000000,0.571638962906989,-0.489217287097843,-0.755009500452320,0.754357705745966,0.458967145231825,-0.261628730151338,0.000536975523167,-0.377687723425909,-0.259542728161371,0.531581246731828,0.133497632033564,0.489723836177962,-0.211869798686284,529.741858200000024
48,0.871178451026893,-0.455467266491952,0.866395406296882,-0.144469017721569,-0.411461116166405,-0.394982138944595,0.607026365651500,0.289439318237583,0.105610000925119,-0.550344216909032,0.526654544353755,0.620867237417668,0.382403405848600,0.146663629039204,-0.146571818613000,0.404983689840615,0.331394424652618,-0.126620084582840,0.144528134895065,-0.225797283611620,-0.149296013549274,0.801617578758845,0.341917950063009,0.107142972351903,-0.235661739335373,0.326867108621754,0.026178421367505,0.784213383286211,0.389473542993988,-0.372433416545276,-0.104396848909925,-0.874143252209537,-0.191435727877265,-0.621345531520373,-0.785458994399967,0.628581833952990,-0.390704483668187,0.062751667338968,-0.631140302920150,-0.633377627670459,-0.784793359031086,-0.866952033819833,0.560100572599177,-0.633726419154701,-0.409088560903441,0.066403425821242,0.615058454640864,0.132012559827875,0.114385006700277,-0.434782711132179,-0.147526711000847,-0.104323817831124,-0.779474084757196,-0.151062888998342,-0.643420872088109,-0.559230292271895,0.632383353873962,0.307463069015877,-0.413657930218558,0.111725400796149,-0.790208823467980,0.871325515067999,-0.869551007046101,0.782357632311168,0.270475773689516,0.871798001255366,0.109978839365676,0.362306303779939,0.618369525500959,0.378535074347395,0.536331858044592,-0.142446994225909,-0.606020829482227,-0.271082294088019,-0.647803619787387,-0.407351266465419,-0.008902729872627,0.116243437458117,0.147606516209186,-0.127906995415429,-0.358365026668562,-0.620180777280420,0.393629135528699,0.621279389423549,0.792681751208763,0.382682673602720,-0.219033349930563,0.620242151240072,-0.407769905627908,0.144699124650817,0.369206316035210,0.050280012801656,0.531090329165799,-0.398514178851298,-0.158280624143660,-0.871210982032307,-0.212576476001121,2.519197700000000
49,0.141755503969023,0.266728437660138,-0.431012336763823,-0.864800018134757,-0.191149428718678,0.720802944969718,0.064351901502465,-0.643255144338179,-0.393789000185371,0.837437867040635,0.595011216907910,-0.468746478002193,0.730226851592742,-0.873983116240844,0.074907567246312,-0.547118652556965,-0.015955547056746,0.650213213392695,0.839598719443468,0.882492723081363,-0.208826694259451,-0.793423261769035,0.548739983994604,-0.790744858962484,0.299723139655894,-0.125499091978979,-0.198752638898075,-0.643245160545477,-0.621969831189070,-0.024031295652067,-0.201383038995315,0.476630956713407,0.027142147592129,-0.366293577420783,-0.262667344063860,-0.445987891346841,0.072115261241284,0.319435477723317,0.418859730886016,0.369375789288192,-0.631151785540092,0.545061924395360,0.551821008687405,-0.381947973425322,0.173937872400284,0.068861361252331,-0.172092651317754,0.331658453489547,0.290666339383861,-0.640591953169618,0.579875277862750,-0.768167164909150,-0.140995894788078,-0.854817798218503,-0.496677128500820,-0.878873124974129,-0.600398350851320,0.143085304149975,-0.267622850860102,0.202482521472749,0.415825103286704,0.490247031639580,0.117896977543193,-0.404410462654801,-0.324008030814466,0.649105032358638,-0.070385593727220,0.255986010337285,-0.000000000000000,-0.347060406761744,0.385533159645477,0.688314808801162,-0.382549849485248,0.252371372603097,-0.610891259234392,0.335205263677608,0.596272109999904,-0.066770331282131,-0.173029168069416,0.857004963733339,0.432457989817441,0.184175036987181,-0.140842136470083,0.579896402637056,0.756639747849964,0.422138928342699,0.819560197605579,-0.000159132332392,-0.506272582403064,0.196602953304934,-0.307490766988886,-0.680943284390733,-0.524568092180429,-0.015828152561417,0.878320767180762,0.030887327259288,-0.815746505772864,-0.252244029505278,-0.213556219585159,566.064288600000054
50,-0.343368948358424,-0.637852176070216,0.193186670363320,-0.234605718266841,0.216544146973332,-0.493693174832971,0.512112849730685,-0.419995791048655,-0.871811708417951,0.440350094993439,-0.875156953399866,0.421461529830452,0.571920890472619,0.283084696010433,-0.622123716705091,-0.178932735989044,0.857793193236383,-0.778788156475581,-0.539677377841924,0.026301698055248,0.391222795505981,-0.412580942953028,-0.027620861765227,-0.039892689254848,-0.249158753423993,-0.212663322034712,-0.178373366669383,0.880142892955838,-0.001737767135706,0.249545738821526,0.700638405080397,-0.804228751717560,0.747470475333680,0.589213265422450,-0.635618039654731,-0.287901849898236,0.213631983947198,-0.098103674463554,0.004195489251808,0.029171004038908,0.644928564359116,0.830150235950283,-0.388217609567347,0.413518289611969,-0.470824600654882,-0.666346449424953,0.181663841280694,0.610778419935631,0.104429555069013,0.355772065575234,0.541271713709958,-0.181829313582240,0.616452407075981,0.850552164712307,-0.598821709130665,-0.403697293287186,0.716542818420895,-0.772332386781479,-0.154521103462076,-0.462603845513580,0.105982781234601,0.484447869337150,-0.669870389132575,0.836477416281904,-0.621106277811140,0.005824976118014,-0.215776428874399,-0.413290105059760,0.361720863608501,0.433247816297845,-0.153964481161216,-0.104549197204901,-0.428811318699979,-0.669722436107125,-0.295129201500837,0.334110749167489,-0.867374834744875,0.048262661087351,-0.169350728280184,0.302752715836062,0.534060672360309,0.352015276781704,-0.473521980079050,0.284408859246310,0.095334809988341,-0.563948385347715,-0.327943309690662,0.645393576240909,0.173723423495628,0.877007199668522,-0.000042000246970,0.299232373730549,0.160944412945228,0.113436479521397,0.745237406943614,0.576879362145372,-0.000281865485653,-0.264291583510798,-0.878073791943720,-0.804668160876152,-0.214345993843869,14.927003300000001
