1,0.000000000000000,-0.000000000000000,-0.119366207318922,15.306753700000000
2,0.453629338177227,-0.453606002604753,-0.003162333929122,0.003162626386535,-0.301708510870876,0.007160300000000
3,0.485897387035910,-0.016727465098593,-0.469164830891043,-0.261215217825622,0.551410347867317,-0.290190354850453,-0.581260307358617,0.099884400000000
4,0.598426572759617,0.011410013483935,-0.598471640872253,-0.011410239203658,-0.011402905398171,0.598468049421811,0.011384653609511,-0.598411198869769,-0.889293474636411,0.035949900000000
5,0.178344314919335,0.624946254560020,0.207893809371721,-0.514721304564592,-0.496462949505223,-0.599166095798272,-0.015531594170501,0.589557699069230,-0.354763497895960,0.379904536061813,-1.207319204907352,0.170808400000000
6,0.000003075609348,-0.055392557356595,-0.672913279802932,-0.360493658320073,0.450107518292265,0.638678989145919,-0.000000009277014,0.689544591267355,0.160409278221990,-0.590404230831327,-0.525302974903284,0.265773894374239,-1.513353419161426,0.045118800000000
7,0.609113917400015,0.008060420573508,-0.008068313430343,-0.601056866590151,0.000000000000000,-0.609113011843393,0.601055120233181,-0.342359041723935,-0.698691704312851,0.698684944615238,-0.356326380854692,-0.000000000000000,0.342359201646266,0.356332102472075,-1.887058044786847,0.419772900000000
8,0.000619541517392,0.605188714839513,0.097799846861240,-0.483113998960288,-0.701307149093696,-0.390044194720579,0.212734582877092,0.656815014897688,-0.000003470685802,0.356994980022313,0.696349016680547,0.509477753920023,-0.059596452282097,-0.583854927469781,-0.669955774101594,-0.250060963443008,-2.253751922815149,0.121794100000000
9,-0.105963953527962,-0.211100438331354,0.749220828824548,-0.663821840952377,0.409370665710513,0.230127231429737,-0.207511355756032,0.460609266269864,-0.662081042125212,-0.723210854800615,0.687974812602757,-0.000003216692565,0.306546362630617,0.627354693339425,0.124074616893153,-0.111485546742471,-0.552926058973876,-0.358964360227045,-2.583968246443873,4.073352100000000
10,-0.120645267656306,0.190610402246865,-0.042379626790003,-0.730160094214234,-0.014661340498249,0.445763872414920,0.696125652237106,0.635711499638324,-0.559992649863263,-0.491228715203285,-0.001298753210052,0.328080404367632,0.764841395612724,-0.049618144940928,-0.713238306006042,-0.546871861168213,-0.128736010561881,0.435953564711444,0.476714505524600,-0.528985022359186,-2.943454147186829,0.199391100000000
11,-0.373587821581671,-0.146209867887384,0.308923742150360,-0.676393508495362,0.360002705658808,0.735467697290607,0.659010552936954,-0.163065304354272,-0.197645313073422,0.218386026291446,-0.724860737153240,0.678590153058553,0.263872096083575,-0.001130186261987,-0.351947479165297,-0.653290531292682,-0.231280671343897,0.383799153630105,-0.262281966550462,-0.745328904198222,0.719264905930374,0.199683569272475,-3.350124280176212,0.961567700000000
12,-0.152349700394553,0.043212496812706,-0.459047656792639,-0.707343958462893,0.418876717081557,0.017260913281890,0.396845497139610,0.620393576456756,0.148883450802763,-0.681959292236387,-0.410295674694156,0.778483330277791,0.002338859905249,0.366802816603318,0.639741969984086,-0.265367088629172,-0.566542172216707,-0.717705288487175,0.023381632393804,0.436952401514614,0.776388769161319,0.213033022754312,-0.625136495264694,-0.200911786647537,-3.680950453496718,0.298057500000000
13,0.605859342697442,-0.379729744908309,-0.302874954836350,-0.410187251744752,-0.738582032443795,0.779917331079952,0.127712771325856,-0.724184487675123,0.583674960982709,-0.135017570989042,0.149969395633636,0.124532445376438,0.318162671803790,-0.489141818388033,-0.671129629273648,-0.143942691844958,0.670550597590696,-0.269696532054810,-0.000000000000000,-0.773795707361708,0.254055627846324,0.522892293877447,0.308962257073679,-0.312286192367309,0.762493022866580,0.141191531370537,-4.148430142642008,3.314726500000000
14,-0.054548467048018,0.404358015891226,-0.054181409202193,-0.388410606021084,-0.491361640554696,0.004239735950226,0.799786483485516,0.613203439830952,-0.359054364367010,-0.661569149735377,-0.790451616895184,0.188198536865568,0.590869276973899,0.208747777236380,-0.000051740896516,0.070123712380390,0.414700851409158,-0.217290242162274,-0.631962531251412,-0.796229483853503,-0.046031030078194,0.488616016053456,0.713711028139828,0.346249795405113,-0.109444992824615,-0.421724246670250,-0.549239435527457,0.763354837790092,-4.492988550234370,0.417463700000000
15,-0.317751658504307,0.395661781806263,-0.000284721448855,0.685588008891451,0.000732990497379,-0.029652380446839,-0.198143482543664,0.317562174202964,-0.556161927073529,0.251830704526456,-0.439567487233856,-0.767250802330454,0.592115539902517,0.777378715859270,-0.712045075852901,0.001012385468855,0.657196413143880,-0.317878776632499,0.350543445717474,0.317439327432047,0.782311205640359,-0.753119056704453,-0.000000000000000,-0.519567069311026,-0.734064680014362,0.625135761515425,-0.144115683150527,-0.480057561655649,-0.086486015810919,0.301650892177563,-4.975025723324629,1.857876100000000
16,-0.117286361222977,0.245659904835548,-0.523834833982656,-0.105540357030380,-0.139255492943883,0.103237673647695,0.539411630692933,0.711061498465025,0.344712156243670,-0.763367718562323,-0.488551222801845,0.498396754838783,0.778824248295679,0.073148391370488,-0.436368979861526,-0.728243043504994,-0.000435377838162,-0.187520644514735,0.023920982480684,0.408003637124165,-0.518582503261257,-0.800285102855826,0.044478600462325,0.421992357904697,0.541407926580032,0.318976867199371,-0.665922570623559,-0.595666432857774,-0.195224753890710,0.818977618375386,0.682866334335378,-0.274389856579201,-5.260730126374187,0.585923500000000
17,-0.660551630567590,0.756035951650677,-0.793891481857533,0.218969574880226,-0.366528058239835,0.410254968271004,0.477983900060199,-0.696463141569503,-0.392578366021352,0.154219370284065,0.031351437914149,0.574969524109486,0.774401169924774,-0.000691441491570,0.069168263728997,-0.274121179148678,-0.282468583792248,0.460938138804183,-0.287604660535090,0.045012470367221,0.367231235096436,-0.697238631953163,-0.089930699799807,-0.625369041852671,-0.410815237308368,-0.152182778057754,0.786140505860855,-0.413941143699395,0.564662530678011,0.176369273647890,0.004432541132500,-0.807273279774714,0.328800342165991,0.750336549926815,-5.796874809293240,9.995422300000000
18,0.183888267817962,-0.421639274032765,0.017052798690303,-0.157215625141630,-0.156764509232217,0.305000030029106,0.609331982124968,0.361552457365049,-0.277276031641288,-0.800375598213606,-0.745445564515636,0.233722567765837,0.818584315348786,0.461902272335860,-0.038462979789099,-0.586077610281007,-0.525401862377288,0.703290886708413,-0.001044251328810,0.014537470082553,0.349524502844509,-0.780217742677645,-0.290179227856808,-0.431795599015177,-0.034497354031402,0.324306508234123,0.456848969786709,0.152631177583881,-0.272929016368837,-0.750065374735885,0.251586835797991,0.672954636427736,0.846976179575413,0.588523208872063,-0.618835501132268,-0.442214148342700,-6.064410916157208,0.794370800000000
19,0.663417625109098,0.806401310013425,0.068245314475072,0.326731688847066,-0.000000220870434,-0.663504528660341,0.079088940907080,-0.806421735780793,-0.079114418751268,-0.453303843807256,-0.353098974377041,0.453405813597922,-0.405839848342908,-0.731642000311082,-0.326694242219991,0.405782412634393,0.353044164735764,-0.068221726937799,0.731729915009880,-0.461854221658753,-0.057969989960916,0.805501130421634,0.280033289168344,0.000079793706770,0.461780005658924,-0.422877146136421,0.057795046046646,0.422981555629255,-0.669440823734507,0.727311210701015,0.669413429631963,0.143011081198888,-0.343741210321482,-0.279903401788370,-0.142927849010623,-0.727318673749922,-0.805468407941373,0.343566318515996,-6.673107700664128,121.104260100000005
20,0.165372191445727,-0.052629837791559,-0.168524706183160,-0.400565667730532,0.179288079203589,0.216241085672869,0.419581064050724,0.209982504218686,-0.493688575559391,-0.547634651838190,-0.787594365238769,-0.483170473674322,0.675019505259800,0.219312168387335,-0.189455352372648,-0.811842866527364,-0.254867098654328,0.636979926233205,0.861672281784865,0.621279651732629,0.000179669057901,-0.205685884619150,0.372420385717023,-0.199606838020766,-0.837955703624446,-0.504759085533726,-0.019413828528626,0.451344821583723,0.190393937810828,0.582045070315160,-0.278029784038100,-0.532281092181074,-0.083651439896228,0.814303045034808,0.766033631486734,0.176283309845856,-0.779584944002701,-0.543526677972506,0.054774170879849,0.524430914357320,-6.784171894259340,1.045064500000000
21,0.272105015931800,-0.392891717055867,-0.393573403991071,0.272198553481948,-0.097238989633122,-0.063084914300856,0.316508742229198,0.254597558856434,0.000872803489584,-0.740385062900030,0.633252103236921,0.798423853732501,-0.487239539372011,-0.098028699678963,-0.434966058115966,0.437143865517225,0.779697488783906,-0.130634847385741,-0.708118065750031,0.590744901535113,-0.809273081258468,0.341666645426370,0.189567794993743,-0.188689776891714,-0.342120505359316,0.425411963691933,-0.814636049317349,-0.748953775921877,0.769775490287260,-0.000529263153933,0.350777596033082,-0.512914746199498,-0.165400936187104,0.646809552291385,-0.425737221157380,-0.684615504658614,-0.000000000000000,0.229041839778623,0.808354257828131,-0.410794091550638,0.565001895269422,-0.032096977621024,-7.548871345514874,49.342323499999999
22,-0.310223390804519,0.281630162011374,-0.008702007517432,-0.287946691951055,0.136536445960365,0.699817765375366,0.290370742924334,0.056559816607326,-0.329328571529573,-0.724042050758062,-0.478884791451744,0.486348089152472,0.574529394662234,0.385748243600133,-0.202859055323390,-0.791791669160208,-0.151358168387089,0.151827254683815,0.857934082274692,0.703805260773275,-0.549749916727269,-0.771434871377090,0.005462508564173,0.375103519103274,0.060732011932874,-0.330502874911861,-0.366108779095845,-0.395397621030376,0.001045175270730,0.638300528916451,0.348544914832845,-0.380688740370598,-0.680709436654192,-0.659889766857918,0.000146533432357,0.746495172704208,0.807613740015702,-0.061086983940540,-0.710791838591047,-0.822138121218514,-0.007506377465393,0.450641980487666,0.625367428750779,0.286193800256364,-7.815272365002000,1.364583800000000
23,-0.535702035332224,-0.830233612946804,0.379458348832416,-0.757994769039942,-0.389315889348864,-0.321934434660530,0.325794236563264,0.489742586900829,-0.001160411936132,-0.112725346440521,-0.484951803430083,-0.710011989905123,0.100409682389745,0.018605079881751,-0.199662161511572,0.821708802117772,-0.012380288969670,-0.368695085100495,0.568398564975222,0.784675292750457,0.207377795999850,0.667616094942146,0.360941702412608,0.626993809712720,-0.064606879195554,-0.731254068317242,0.321726766662867,-0.738929613844824,0.315582620062353,-0.312712978396270,-0.000002310324786,-0.834849316394670,-0.124040848182362,0.001462892859710,-0.442533908418823,0.114690965166488,-0.489394859347077,0.806951208862589,-0.133269208680929,0.495596824843749,-0.383411307367240,0.619799246356836,0.268963063007104,0.803659906393303,-0.484079831720842,0.363989545847781,-8.406539022433087,43.786724499999998
24,0.064435070812393,-0.045337598718333,0.478054447453585,-0.595466211772102,-0.334177873591816,0.391564244032604,-0.510781206750201,0.511206059354894,0.261560997409151,-0.186911434540558,-0.743361744180781,-0.686081871089355,-0.207496730805296,0.845925082487531,-0.285886832662608,-0.051380298016698,-0.866942971596444,0.260762260690171,0.008671076248709,0.739670576563170,0.770976704741845,0.173274910552645,-0.429754862377117,0.455582744647450,-0.000348946635167,-0.289340211830854,0.130338742787252,0.117466698796859,-0.163752904189374,-0.203646125334327,-0.639217938964139,0.628437095601604,0.406917134315905,0.176807372530409,0.449355496363790,-0.367987004631601,-0.817613444622947,-0.039492071493151,0.820922510159077,0.528047793876243,-0.065045756360132,-0.801654381676725,-0.594295917514980,-0.424745371154020,0.360944713050225,0.826214907266300,0.486997512911550,-0.544068652166193,-8.716505566149886,1.727448200000000
25,0.153720709371680,0.538250838597642,-0.401324944717445,-0.653372679760252,-0.238713421351796,-0.402596256522235,-0.083264206089503,0.242674949763034,-0.801498058755890,-0.814949615978542,-0.090347183659512,0.481509194138381,0.827008411029164,-0.402779760100339,0.239418689089686,0.749691049166204,0.404032898464629,-0.150475114437631,0.756229578647794,0.247245456984967,-0.085313392329398,-0.669383076979098,-0.478187233178277,0.541377695363649,0.091305132064290,-0.012784759527929,0.619685065947853,0.711039327264073,-0.492929250847947,-0.384592390969945,0.269576644174360,-0.811060759136862,0.781120520380947,0.170112987032675,-0.180509411265812,0.433461966909114,0.112614449222289,-0.000000000000000,-0.718979106031987,0.383423002023689,0.353433292547593,-0.271101028476100,0.012767542195216,-0.337733568270274,-0.781975596924335,0.816130375801566,0.495254162043735,-0.112754117701273,-0.621529851680037,-0.432712754894641,-9.317829764108110,170.305903900000004
26,0.401142345034803,-0.017061694888858,-0.330135168474421,-0.086387001979106,-0.569352410595567,-0.044482241460972,0.296061798538365,0.068813568878702,0.164156986865952,-0.636577782773740,-0.331051366734918,0.165156873710462,0.713756680065039,0.473299824984577,0.352834213554096,0.577530891777792,-0.307306242752063,-0.806863441005650,-0.364952520607919,-0.352122800735804,0.822089449926884,0.009524251324715,-0.668112764533965,-0.802007619356189,0.497995088923055,0.814264406107068,-0.001237977778373,0.166158227491316,0.149550630809408,-0.689936487799904,-0.523352040163378,-0.263953131580632,-0.418250623744630,0.429131995594115,-0.067728515099469,-0.042982098981033,-0.275509008188550,-0.832242896620350,-0.407653674372317,0.283621534290285,0.788700578723447,0.565757153070658,0.496461418311746,-0.302605105937688,-0.746313370078415,0.769588252433145,-0.113630501152430,0.801685128111472,0.484011541075729,0.190209508966549,-0.678807928831627,0.252641318365989,-9.567472894739915,1.833747400000000
27,0.552003594767765,0.840656973908172,-0.420145397183598,-0.468338419881350,-0.187486560615916,-0.814340604392435,-0.075986541461349,-0.089390328632913,0.758835827686372,-0.465189616947481,0.258163755678823,-0.819149666581580,0.517406693959808,-0.679237896777127,0.267121810049328,0.149137432675059,0.024838605388048,0.440331514822334,0.319222513767124,-0.420529169683514,-0.329897618233455,0.194495985655559,-0.132059373705098,-0.682818015041676,-0.062377771521768,0.768556694697102,0.556184790502898,-0.627173071578550,-0.000000000000000,-0.728122747463412,0.098205450550220,-0.489138729360138,0.171952448430245,-0.832264134888730,0.835939815910304,0.350259703034177,-0.239878873700499,-0.791244873691927,-0.164583851337996,0.082302322591974,-0.495389806678293,0.791694501435928,-0.454671059775943,0.522885867936309,-0.282847240953196,0.356571031420114,0.727922791297391,0.406960992029966,-0.040162387002704,-0.148260238348726,0.481896140516562,0.188588195432004,-0.340706357985580,0.619204407965484,-10.241540141989054,189.149433600000009
28,0.416050784907607,0.238757960296413,0.174931913008026,0.821387848116098,0.491437271152428,-0.842039304637282,-0.541871496012832,-0.112655168555863,-0.070476022443936,0.688302112903283,0.072712527576093,-0.514957682043260,-0.155287778951611,0.508395705925550,-0.417898138895937,-0.763676160760209,-0.570323873688908,0.667830220068805,-0.781519204070134,0.445982862591322,0.111672311525282,0.830758357437491,0.276905553163857,0.154768121943385,-0.445595408665669,-0.176542471335719,-0.235126435432131,-0.271309033983277,0.740480033982294,0.486795740089847,-0.153374542426770,0.189624225619979,0.197074565132228,-0.020364056361982,-0.652423754631292,0.507126418976832,-0.517435608841519,-0.474693753420511,0.835806919948964,-0.020123221540680,-0.176965942768917,-0.155663086561970,-0.364098235977362,-0.356136123296667,0.626641813795438,0.504588470854684,0.318993445989669,-0.722381949512705,-0.831473812988152,-0.154638527205025,-0.461756232566685,0.174996620468406,0.334430692468007,0.155453403910997,-0.807082537986949,0.796513033258808,-10.693865223661307,166.314648099999999
29,0.725254841529023,-0.738490995942143,-0.331862380109516,0.483844789975298,-0.127754417427767,-0.840730974440941,-0.807792695512577,0.010261059145646,0.321658431513956,0.332046709166154,-0.187475277061227,-0.628023181442049,0.192415881603207,-0.188209790696843,0.845471157682153,0.531913911850936,-0.325549667200609,-0.496285662591940,0.344825692806619,0.158902430252079,0.807949642578687,-0.516316983696365,0.494939679464477,0.006165078709920,-0.006951008943073,-0.521201340839465,-0.317270052964295,0.644836982666414,0.132949468172665,0.440874560132321,0.409491415210874,-0.780539848155968,0.701490273784212,0.183782276354617,0.079830083502913,-0.270020157629604,0.525579762800080,0.438591967382619,-0.461104111269749,-0.135727228685046,-0.570745515291828,0.127987350340384,0.823758642319799,0.093953526512065,0.163786897603924,-0.446551091236502,0.168037217326782,-0.778372925626695,0.830599708279830,-0.249672272138727,0.681214177700673,-0.162035439036653,-0.845724052776117,-0.522119390476230,-0.155127062687984,0.454718112623802,-0.553878121282135,-0.192070586509048,-11.157875285017107,31.737026799999999
30,0.143795483088462,0.038155142750249,0.028057356237682,-0.240584543152535,-0.315566374993083,0.029190333059363,0.071331610881721,0.500955250520455,0.328165720337186,-0.652111824345201,-0.848321584569969,-0.583624366642611,-0.573522774494314,0.572943968309686,-0.520360106739183,0.268862164751873,0.008070983361965,-0.352028717547762,-0.152968184214086,-0.105535779029250,0.653150093426423,0.857539987995749,-0.540925368687997,0.258999264316488,-0.224161383791453,0.652688452192966,0.809886147237287,0.480959669232637,0.281546623006949,-0.872403099999611,-0.000844985515957,0.023931262319484,0.266386015722450,0.106780859176583,-0.211101615773080,-0.217648993464761,-0.581063356230991,0.101905529722533,-0.378844766263915,-0.057199329081479,0.318450725945335,-0.379409862795108,-0.705038351984241,-0.655126149507539,0.267162767185842,0.879370498283204,0.709382749157715,0.801489609537920,-0.870584544431998,0.502080457549190,0.402338918805384,0.172238358872540,0.522569954436531,-0.830708815959576,-0.549949533899012,-0.296409656445249,-0.148454585635770,0.614840897824627,0.355425863435559,-0.143280517292278,-10.706623641065466,3.124852000000000
31,0.621173019601792,-0.231450458646789,0.778632410055256,-0.000071320362171,-0.712479292146123,-0.221406827495705,-0.506847374866952,-0.231686727715027,0.220238334811883,-0.506658654310195,0.408224136478265,0.381546445439433,0.408153384313165,-0.828624459744771,-0.828550042361427,0.540109288323247,0.381660373348945,0.077376587515631,-0.169334684835496,-0.712342941929242,-0.409307195483876,-0.000167717328948,0.168071887182458,0.621116311265864,0.850125833453999,0.778633976807396,-0.409319108052627,-0.542819010619060,-0.169401916063905,0.077175789820434,0.168152899550997,-0.563935232202356,-0.814307867828861,-0.305049755624117,0.223780431988304,0.443375421623755,0.000076805555784,0.666674376781625,0.814257243847804,-0.000001103255227,-0.666809592925779,0.300328400450873,0.752908617139557,-0.300316272597789,0.161198233333508,-0.161462106800681,-0.000000000000000,-0.752803699174706,-0.836129229033717,0.502567217029482,-0.443594571577952,0.299397189107834,-0.223709490528348,-0.503797823464779,0.564021664005469,-0.000000000000000,0.305114000920741,-0.299303749932687,0.000031877882130,-0.502529291413886,0.836156826679014,0.503851870611946,-12.104629069367210,91.403550400000000
32,-0.165687434804021,0.170361393981445,0.849596538699673,0.429620334992514,-0.453437608901512,0.076123098504922,-0.686286461635131,-0.447642373560320,0.442885362245313,0.079246885423243,0.574598591559123,-0.811692365777595,-0.449163918805910,0.005819582819001,-0.165189025467762,-0.199658548051212,-0.163670318807607,0.319838081249646,-0.532225010325030,0.807565052995928,-0.841005723817988,0.174641450000362,0.431794605427403,0.250327085890597,-0.559742400520533,-0.760226374478762,-0.206612277677135,0.556546016912102,0.757382471849036,0.141290020288350,-0.296747361574578,0.671347036799126,-0.828351354855263,0.529008627705129,0.074949850602135,0.313094868496962,0.329207005933242,0.237470477456867,-0.508064797515312,-0.326231106372536,-0.720876604201711,-0.241836138074205,0.615862109265960,-0.221016340937896,-0.711300716214927,0.842388230805139,0.506632347512891,-0.145508483964950,-0.506264493037838,0.790998911628810,-0.000948163221373,-0.241736747045724,0.084238062138565,-0.531920197053455,-0.312464375171652,-0.000069924702403,0.635464504096003,0.380368499858589,0.149674126159405,-0.000000000000000,0.369475034363705,-0.838923862697569,0.793071598598534,-0.516399927374552,-12.570431645719433,65.490468699999994
33,-0.815923927270729,0.033371961765480,0.000000000000000,0.561068259672987,0.068263334444482,0.773345872941111,-0.190076926070562,0.298797348189915,-0.566825014970039,0.568941470736893,0.061937979882318,0.638260534148439,-0.781894049329541,-0.633560004952849,-0.522764759599878,0.354354538168633,-0.371841132585424,0.810683781203418,0.376797452800681,-0.852476972377011,-0.242936601372816,-0.551477450550615,-0.242209946601575,-0.061094736520489,-0.488165324921586,0.857140352282295,0.291984864051583,0.123883665469122,-0.286581500144467,0.396115574248707,0.102260080746673,-0.265335276828066,0.555798259976788,-0.273977902001256,0.862059824196319,-0.000000000000000,0.139451256474029,-0.599394574776456,-0.382166885764121,0.516718229734108,-0.023139752215913,0.646633859301089,-0.639002062661338,-0.299101958557124,0.572751143082168,0.360725243177154,-0.581816910123906,-0.306253316496104,-0.425668632447339,-0.768393877054253,0.291526751099882,0.771787339558792,0.045989709371670,0.191428646632678,0.029440704910344,-0.495050138339773,-0.859955611714141,0.358308016747746,-0.045650503787529,-0.808108748827898,0.587191426744843,0.804258724554723,0.395901436471609,0.285187652444074,-0.160970534238658,-0.190745549627809,-13.025292385610513,87.794429100000002
34,0.040635424357002,0.221681197447535,-0.181383792776988,-0.065397380460443,0.197268769408702,-0.473939584388353,-0.375472956876985,0.276364147925816,0.297796656724060,0.152501285854408,-0.280508308190895,0.042670879152806,0.714296290292163,-0.163295572934412,0.220379542270438,0.510444501501347,0.034261165794057,0.002509624579826,-0.300542895902581,0.638558289658077,0.503029316891840,-0.317126221623130,-0.705841353647589,0.457728766507391,0.750712022931597,0.828685793320641,-0.662293470946106,-0.826050727155948,-0.624544360649797,-0.243808448302286,0.731588506253706,-0.432230559978276,-0.666483984152238,-0.065552087022465,-0.000350699169989,0.070011955815431,0.311828186905162,-0.048345960739521,-0.356348572179033,-0.034597149514527,-0.250885033726454,0.191777453153397,0.528815933277273,0.861174306034542,-0.727026792860779,-0.820135706972960,-0.143601078848319,-0.255981396645246,-0.592136301983830,-0.360497016547180,0.329571865680483,-0.459861150438785,0.160674471024464,0.472424834090545,0.684984976419436,0.449497485532527,-0.281097883168415,-0.630357121659676,0.076070512466341,0.337687738131009,0.534467154543640,0.023789322999162,-0.587276328199217,-0.549772269153342,-0.455024133820999,0.807530882669346,0.225314122869225,0.728722508649912,-11.330672520549559,4.447278200000000
35,-0.494251633972272,-0.252690512398280,-0.268791545716786,0.151584563558500,-0.003492471007435,0.231045599405604,-0.222881840821405,0.798713643001429,0.636141510666630,0.062280223223408,-0.221679822533175,0.796060438326421,0.440934739636302,-0.535209281380937,-0.755261371374515,0.363582010457964,0.643090543105250,0.058708187501546,0.865086780699373,0.097753509501926,0.589018894046190,-0.326424687764675,-0.198930593413209,-0.476994150407761,0.034106967215069,-0.073153413974782,0.398717710544286,0.500616436945186,0.286855969636750,-0.537816275187457,0.366428776629017,-0.554378948322339,-0.842789644485426,-0.711982205955010,-0.844254488857412,-0.696155196620383,0.824138079318132,-0.121290871924404,0.263361541532290,0.008746656821055,-0.523602862499458,0.532239081727295,0.307564887003231,-0.570553745013208,0.559273377445771,-0.831990238995686,-0.313570534729152,-0.327987371441025,0.070329086144363,0.421613859543620,0.487517752749102,0.578337335204259,0.857192734782998,-0.000368854506233,-0.852254609144644,-0.058717107351932,-0.436994141671891,0.225905661615125,0.356421885624674,-0.287931416920094,-0.575996171675699,-0.762937325820797,0.224990795363215,-0.051935542875633,0.673228965329988,0.782703831145716,-0.231457157779780,0.126538724433788,-0.484071504042479,-0.177280031824996,-13.992197322581442,291.510560499999997
36,0.645260740013461,0.802694099351557,0.593032132806176,-0.410311244241862,-0.218137706738216,-0.497587495890080,-0.858938713096908,-0.424523451774001,0.397227688541957,0.136050624916560,-0.304320033320020,-0.745488422194786,-0.136019739380318,-0.586013746868487,0.414080909316289,0.864344567777357,0.372990620546354,-0.547830466333269,-0.839408597306327,0.549125571252439,-0.085977085211391,0.171602684915964,-0.724245825978249,0.001805873213011,0.805028074965980,-0.164184177786928,0.217606651074939,-0.216300919841626,0.061710279105364,-0.263602977225808,0.635097930518982,-0.540150720433366,0.412401591953909,0.307615871911713,0.084766118559095,0.090517468144316,0.584253834033152,-0.322825397574033,-0.130226588036899,0.401560681860577,-0.829849719975788,-0.707840947387574,0.124155875737695,-0.432802831512725,-0.766369858351294,0.566475366102524,0.075381343356176,0.434580812586770,-0.549020523237869,0.156679484365936,-0.385201438478387,-0.000000000000000,0.780342271695906,-0.152094449999966,-0.184117390415041,0.172603713927215,0.300450331483095,-0.578369885143148,-0.468916325088852,0.000780043394806,0.309816121924514,0.580828938846588,0.231884829532368,-0.226006941915346,0.861952511075416,0.829699012375315,-0.577465734191970,0.671350571627295,0.450037828694114,-0.067834898748830,-0.859165260753259,-0.297695888855198,-14.482385087713356,300.836548999999991
37,-0.000997875225803,0.354065196099813,0.633794727261293,-0.215060033188819,0.236953586658255,0.811279572596175,0.319702518469368,-0.495614030362575,0.043351110925138,0.522198181866138,-0.554764912012898,0.406351708223775,0.604293930583115,-0.759925126762682,0.807297988892479,0.108593596535092,-0.021855385911613,0.031516768599903,-0.549065709307611,-0.716025641159724,0.280093091640266,-0.282311263805236,-0.033982954432809,0.870330828283682,-0.845842421480840,0.176997144777072,-0.856327588708083,0.644501186921645,0.523077899191427,-0.264516481644572,-0.279860113607399,-0.311586790663988,-0.109793176980717,-0.499706362164574,-0.598802296052813,0.337323917655268,-0.317268957565755,-0.000025890873244,-0.798012625035338,-0.596699148051104,0.837189298138382,0.235017312711575,0.302553503266718,-0.035826538079604,0.709951211653274,-0.865861344560459,0.302642120217793,-0.667932253267278,0.766801696220973,-0.000000000000000,-0.420437951469345,-0.319826434376139,0.859967887079439,0.610600959795095,-0.591243883290497,0.276120660600233,0.492826918792972,0.526272540098543,-0.544651319025321,0.326175942717060,-0.007858388354579,0.190356040267041,-0.284785838843644,-0.127816836952919,0.573179829871946,-0.292962809543397,-0.826107356696349,0.176077887067290,-0.107702218198477,-0.308956858683710,-0.334840025596833,-0.025567078386205,-0.528661027396074,0.497722279254711,-14.952194505732054,316.431750899999997
38,0.365824154280115,0.125773385587236,0.425643785430025,-0.279011956560996,-0.058525372626616,0.004979612835454,-0.465301805231714,0.328702651025815,0.092585786956481,-0.229795439387656,-0.374215993467249,-0.892337214078726,0.183144546367932,-0.327489752121406,-0.185371393611128,-0.137045014136268,-0.570252193226797,0.113606113971323,-0.211900579771589,0.267615505516785,0.059442152998571,0.439331219041186,-0.576388138840999,-0.294294934499454,-0.578109296847844,0.634268610066281,0.738048699990636,-0.487515257456594,-0.837691985216887,-0.749006620482962,0.585018908821184,0.885088946981437,0.762304384525449,0.568713383278552,-0.695106895766634,0.112250090920378,0.378325006598102,0.784368140905264,-0.000318795641749,0.117385137299388,-0.302829359536521,0.254075655906660,-0.675337691985235,-0.024688902222292,-0.397434675427180,0.286663958880024,0.393171724747488,-0.252509456686023,0.836305193245024,-0.114281716985119,-0.501300956812078,0.043998535760105,0.675131110387019,0.450187198144680,-0.135609463847451,-0.249205309266160,-0.512477895985354,0.631765672735821,0.882821241013272,0.777359670248308,0.212124735735460,-0.861238058308322,-0.653233091087149,-0.192914983787263,0.152215659367927,0.573622354271673,0.197807391378678,-0.379082206706376,-0.613663906641955,-0.028512128850501,0.384999227060043,0.534777539436242,0.464096359892722,-0.859396776579844,-0.747062827066373,-0.388695113011049,-15.009471522010184,5.254531700000000
39,-0.503785815794793,-0.069012598694233,0.814769836194466,-0.756357477789676,-0.849386474853660,-0.343860997187278,-0.071571758534098,0.295679144161042,0.861293911847851,-0.296459863557074,0.678018003999982,-0.203038398498448,0.518536199105873,0.468633542859831,-0.346283470845572,-0.321962280204795,-0.757127885186345,-0.003144994447752,0.815136915706596,-0.599637624707310,-0.850088432480019,-0.582564451148544,0.066334033149306,0.679297716809464,0.287485790939210,-0.582799609721738,0.210407464338298,0.516252097899074,0.291312901560501,0.211260242672051,-0.005624616101212,0.000038509825957,-0.195647454850463,-0.503393353770766,-0.292839766338426,0.075785316085451,0.470280802142226,0.295350373022536,0.578733874333371,-0.287727716845112,0.860331216841145,0.274971485549972,0.412301736479943,0.147649318959164,0.792553120890608,-0.860643960550541,-0.501147946172006,-0.000222684942721,0.515043635785296,-0.534739840890110,-0.247752163648095,-0.298891176567933,-0.723703308459394,-0.791217330557055,0.004671775408020,-0.411580487677592,-0.588674410395479,-0.276125657536165,-0.001226270559933,-0.146144597913499,0.630108440157953,-0.313130710350313,0.533114517980832,-0.144127498232296,-0.628787819456463,-0.829741889725991,0.300107989274058,0.135650379860504,0.829100338112845,0.586335927194076,-0.000000000405134,0.253939819404318,0.286536702294227,-0.514542042375304,0.311000728024786,0.723262471357867,0.503379166923718,-0.000006525811187,-15.950919330229999,347.794775800000025
40,0.315482308552051,0.076679811406446,-0.152264714078642,-0.247651499497256,-0.035848485193609,-0.318208102157617,-0.316586379717907,0.136398398661870,0.419285741423909,0.052239131021598,-0.359161241962426,-0.615234172349915,0.272064597696089,0.615674127066391,-0.498039594910678,-0.703057651009155,0.160182753351125,0.029767939043679,0.735026121467676,0.275663506256939,0.634794064690475,-0.847945697941213,-0.259757021917988,0.575630603084732,-0.070206438390868,0.384353630687850,0.107594643153362,-0.345617235467240,-0.468529616231570,-0.826380294508864,-0.541626761352666,0.582230148035932,0.441753507069364,-0.753709294724120,-0.036144917937111,-0.623116325072890,0.844922514446481,0.813925128863004,0.820314425411293,-0.089084165921849,-0.000156754981277,-0.019720665135049,-0.224911465461365,0.389794998335458,0.024817080679627,-0.560594152211028,-0.049611770838567,-0.132734811249294,0.348801246699727,0.302826271613491,0.146126251280457,-0.438947881928487,-0.780056246344969,0.137005912709745,-0.201642069056414,0.112880226351507,-0.419332968564923,-0.848112152261956,-0.456688619594500,0.708886413934326,0.571457587228034,-0.017014406663602,-0.862917253589948,-0.711778339881324,-0.580060553010851,-0.541441916214664,0.520114834053663,0.765185887191960,0.439631946015301,-0.314250729303885,-0.658924916045336,-0.230818608800715,0.791484084753843,0.345695802991281,0.908989507996789,0.629538091722163,-0.175538822400208,0.097185720168528,0.390587214130680,0.614554377732635,-15.481070122289795,6.063054900000000
41,0.285997298315211,-0.566271826522805,0.353522598969420,-0.586672087242832,-0.447862153788826,0.327182594952913,0.190362318718290,0.670814248301347,0.866890634495006,0.593422911770197,0.337351779562917,-0.379706776625090,-0.609616080684914,-0.300557661552108,-0.851984476081930,0.522172644197134,0.492281117010601,0.067424821402766,0.565178445340687,0.230811612030100,-0.050570457007158,0.692587247550913,-0.587147772720498,-0.092587345191915,-0.775499234958094,-0.861610152824094,-0.748206486639393,0.092801608317837,-0.207402186536618,-0.088131705508143,0.170408453702715,0.819187686784444,-0.217751189996602,-0.455587080219062,-0.008478350351660,-0.308299307957358,0.449810148973195,0.826978525557982,0.074292460033953,-0.161389421915324,-0.324765853599219,-0.075745675470573,-0.658406679686406,-0.502086892061645,-0.133599802077384,0.400582978407292,0.177971930193491,0.845025962070627,0.557363167473894,-0.000000000000000,-0.000000000000000,0.494068703996231,0.785104807724971,0.618422822093450,-0.161788249772295,-0.172474002539954,-0.270585296463772,-0.721192255530160,-0.595278793266657,0.300210199689318,-0.833470424658288,-0.863587563894646,-0.516623205049012,0.151474979584093,0.863114689724697,0.386696595877323,0.110704986521366,-0.435006433423744,0.286050766845818,0.583887870392757,-0.307146245375542,-0.303260116185542,-0.270163779327148,-0.558544543910170,-0.401672182525274,-0.000840937959772,0.097227657731978,0.742320857961002,0.284423101756745,0.588035709627138,0.312379836375324,-0.805897551568816,-16.918482842421263,381.092382900000018
42,0.239240709924204,0.869705057161115,-0.380093101217749,-0.622812758961241,0.243998211005422,-0.540381239360773,0.501016761899426,0.435737621750936,0.547479115179168,-0.749148515851135,0.835998302760065,0.813090442857897,0.550910761110290,-0.242155012960562,-0.319423838932188,0.304121272418143,0.390416504610816,-0.240618425164627,-0.782544146628989,0.394624159656501,-0.001046889482118,-0.608803701391720,-0.851784717153635,-0.124779202072213,0.666831513641455,0.251235519318382,0.598628177799694,-0.002671485930821,-0.569958325673918,0.709901636287068,-0.863480792445899,0.141905031813260,-0.133655411191937,-0.108217004534420,0.004845884901771,0.167749076902434,-0.387248965667302,-0.039881853045845,0.132161332204696,-0.372532703151721,-0.316682266262070,-0.542501797543166,-0.836534538623524,0.037352284409725,0.783941363781919,0.612911099042004,-0.244840249666125,-0.265504639945485,-0.718872764260617,0.758596470579867,0.260380735794287,-0.442653455516288,-0.244740802134787,0.314138159864815,-0.256373835591273,-0.238074512470771,-0.809899800165852,-0.000000000000000,0.493521620900314,0.248956737743334,0.379317016291087,-0.482219836372904,-0.312219022176857,-0.007585863884928,-0.177763021547475,-0.589374322219997,0.563270519248586,0.248619144138938,-0.000000000000000,-0.001693489186143,-0.662600631218872,-0.506795708257322,0.110102580078877,-0.580462306926705,0.581141609200637,0.861345617685685,0.302389881470848,0.852303148526499,0.489147249723991,-0.867869705556704,0.579227184620221,-0.489394586515247,0.004692960403196,0.253544696719998,-17.407824441020303,397.783572999999990
43,0.699792680206626,-0.703142480179121,0.531558740617362,0.068883699107453,0.822776146579306,-0.259959598465134,0.699843093941581,0.378152012524843,0.127069502587191,-0.133682792541423,-0.530775244435370,-0.036980810348514,0.508689887716312,-0.381651647344932,-0.186903923867760,0.003839392902882,-0.133498701307756,0.377986520691124,-0.574269006728576,0.822781562837494,-0.297410973247801,-0.259563461235860,-0.036892813942286,-0.381817139228808,0.126889649380672,-0.506134102421399,-0.849207017409821,0.222509919291883,0.347645153443881,-0.574258474028901,0.004176059343692,-0.506534093051833,0.263620671724080,-0.297388578836679,0.508906551429607,0.875129016905965,0.617659818927563,-0.702845030454654,0.263902339629426,0.222593401655128,-0.836264320950925,0.531675669061948,-0.836150430424938,0.510550777478019,0.512508447949999,-0.258720069079818,-0.000000344946046,-0.271404759072633,0.827446101706828,-0.510388488036567,0.481522683266762,0.569424568949502,-0.576923725793856,0.000104462744375,-0.304450765817504,0.709671390546376,0.480293709144805,0.000082079070502,0.863435059818307,0.577032855054005,-0.481543821646106,-0.255157788087107,0.271487516329092,-0.225523795457884,-0.827545628438104,0.304511486505546,-0.480137928457022,-0.569421209886707,-0.711238446404159,-0.000224769294156,-0.252861124302429,-0.000003146529795,0.255361147002798,-0.863412440800031,0.710980756022587,0.823503312957680,0.225684195145169,-0.709501609212737,-0.000005104409146,-0.000003855931519,-0.512862193700555,-0.823381037310086,0.252876442260603,0.256544189733016,0.258707061600397,-0.257064097521491,-17.909576309745265,399.973028600000021
44,-0.040838970077604,0.253925381443348,-0.054296278422876,-0.555561843736227,0.010758895371991,-0.412537922859142,-0.214114949587929,0.316533646387218,0.170721772578599,-0.126184003913141,-0.578307551647586,-0.424951315319741,-0.440851234113154,0.129701834157122,0.085692856091639,-0.267949658977828,-0.679813145352102,-0.379179603419419,0.465917172324966,0.440617344274571,-0.107155279402964,0.272364576217829,-0.855962155004453,-0.663726842095982,0.525678174784694,0.537203234383716,0.521565914568936,-0.088614122546377,-0.808564678630824,-0.807817501902163,0.287874096069944,0.773268252302203,0.639412227555650,0.064611978017585,-0.261044009772899,-0.154875001767251,0.701256747033182,0.807584456207265,0.853088313942346,0.297265280418601,-0.377444367740422,-0.732488925408385,0.146446597285338,0.686854845746408,0.000765351345722,-0.261616563752383,0.094997719896973,-0.322410888396401,-0.162324151137709,-0.103383699964768,-0.280441666470818,0.308099991638194,-0.003861319081568,0.399694824395686,0.607353261922296,-0.563236659784701,0.330573881338100,-0.444056773245494,0.314738556723912,0.096819200260004,0.120948828696612,-0.780351388532395,-0.383915868234412,-0.139634270627163,-0.606560873610383,0.746256268074573,0.217589337962215,-0.555691426660556,-0.727298349121311,0.217791915134646,0.703690506964368,0.746020988503326,-0.095382595877876,-0.332806198487822,-0.688727913099711,0.314265569677663,0.514266518761591,0.886037023084350,0.828134820541450,-0.872367123638380,-0.512838125024232,-0.306667512369607,0.056422640860509,0.534917476349917,0.648632150591993,0.445664393143177,-0.879836538077573,0.014455990460402,-17.312775744041726,7.962710600000000
45,-0.828232671212372,-0.007820086471393,0.451304489893146,0.588134150681878,-0.714752366774729,0.863088734779520,-0.293701531987133,-0.717614317955065,-0.582775246628114,-0.284320267253369,-0.174269753128137,-0.589335448689670,-0.501625599143035,0.000000000000000,-0.472729245496131,-0.036226787435455,0.077501086143451,0.570982628920199,0.837526676152418,-0.340103214843385,-0.531916860177491,0.841605217134182,0.235761752300258,-0.831796544139406,0.594518437523920,-0.151400823803259,0.702699739196096,0.270090008955889,0.063073191228508,0.403838631587202,-0.281972460593637,0.331360693584975,0.484813434950380,-0.868647862175311,-0.081669864576349,0.155357290545333,0.203003089266905,-0.296160211397083,0.708276330934456,-0.019601440216408,0.246114084411361,0.492244555532981,-0.536334458608584,0.312777955133497,-0.284448081310726,-0.262236453811258,-0.875080470136053,0.479706737762255,0.233202212915551,-0.498717148356671,-0.000048786761013,0.566108295811949,0.492962934640646,0.148298611744993,0.830534041721136,0.318546246639920,-0.096900401993018,-0.329964731652019,-0.000000000000000,0.373037106283702,0.593605667124691,-0.262497894546765,-0.014263256852399,0.267110797172377,-0.531091772131810,-0.699033380039606,-0.261182590262776,0.834206222695500,0.257290336350907,-0.273982439890849,-0.341371490793072,-0.529184005715630,-0.000000000000000,0.276234591004767,-0.497574743818531,-0.827290535900604,-0.242326456564352,0.734236139570109,-0.002776751063201,-0.618703855555526,-0.549823592071446,0.552026318805132,0.104731850809010,0.523905125041314,0.868689061395871,-0.827832181240565,-0.729307048872680,0.691917949348791,0.248218670643673,-0.131535140072253,-18.881300084804199,460.079580000000021
46,-0.781068535720989,-0.193326021691671,0.828562211441116,0.383426243395140,0.149408501407175,-0.862085154349692,0.716748371972271,0.260533722332586,-0.398652591323894,0.878540722711234,0.550467388741883,-0.862730115733328,-0.435228011899308,0.828817640391680,0.127153710575469,0.631724260199204,-0.628218704262036,-0.017366707774431,-0.641718968815185,0.061542485299868,-0.783720241589995,0.544913863157662,0.542750386866164,0.133824167198304,-0.390834749693367,-0.279771377230840,-0.147663520926622,0.068169221038557,-0.642835077564077,-0.252690546213656,0.717799547228530,0.384472605659771,-0.141314938490102,-0.424698216456318,0.259547353585145,0.549071193649008,-0.372069651222585,-0.543823827177391,0.316701386368222,-0.133293062190415,0.377839507908323,-0.548235587571263,0.028771503573152,-0.005890816156643,0.327648490437241,-0.181273144713152,-0.379945119001702,0.849440875069682,-0.257499161205227,-0.501073311273731,0.617279009805199,-0.136645638883195,0.487622031725510,0.235454307421724,-0.500377358801162,-0.000000000000000,-0.684205843595507,0.132524699577193,0.756321603000525,0.259211012912860,-0.590638286344067,-0.000092118451080,0.002411090982677,0.155453766848650,-0.593940946990036,0.869642325364100,0.376081282912571,0.262523624083362,-0.264134385721960,-0.063154450399726,0.486828464677122,-0.282475490947765,0.592477833443427,-0.864387641648036,0.588741987948997,0.269688705677466,-0.485635698444274,-0.006290964659030,-0.585994189058427,-0.764748210357831,-0.286220590934107,0.675701511629565,0.019147819855280,0.261338428457162,-0.809030821529643,-0.080708286615499,0.474906672086353,-0.251085171697111,0.400100759602715,-0.346842072177712,0.811271150449532,-0.849892645353151,-19.411341221913734,473.154624399999989
47,0.202774450916878,0.838312762633996,-0.535180143174406,-0.347662958895784,-0.075086952058964,0.374645870585157,-0.876468214483484,0.270611629664642,0.710700823715424,-0.293098988464184,-0.284671896963508,0.518798959084900,0.169979034470630,0.880648153413838,0.701508010558744,-0.354484115848402,-0.503656322867474,0.287138371394143,-0.256245182667589,0.169806260932205,-0.303610252873741,0.003944752331791,0.022678680425048,0.403244655254537,-0.502222212305078,-0.841806053532674,-0.592733148109765,0.419979533044837,-0.312646464549258,0.585784602246194,-0.048437591831732,0.839266918235640,-0.070423654617697,0.149397535304042,-0.553037943546593,0.193536617603278,0.506605336557591,-0.828996380027039,0.595430029899733,-0.083338887322887,0.383506948363420,-0.727170273284514,-0.102221423238329,0.633084760327913,-0.040266623306599,-0.620823092179600,-0.710621055213242,-0.578479135787994,-0.265477025549762,0.697484206512701,0.532663792647467,0.414212170245112,0.168403562578087,-0.022067645302100,0.833263987462796,-0.517034518146110,0.834137212791110,-0.555957332140567,-0.704934668201272,0.599758517714209,-0.000000000000000,0.529011514620882,0.004893964302153,-0.413966740888159,-0.828205577791802,-0.838590508246823,0.318675394414001,-0.256030047530173,0.883532164213783,-0.883807519377067,0.477231205513979,-0.722235525996657,0.247239590333383,-0.164466932042526,-0.456141231875239,0.257318274499064,-0.266356777697957,-0.378706464303145,0.273401993853079,0.148938347391700,-0.000000000000000,0.336891681222468,-0.290006515077229,0.716019362793327,-0.282620619580051,0.283381923664589,-0.115399038883942,-0.106242798877134,0.502954068883460,0.661031222794755,-0.000099267113544,-0.643912596934309,0.085091730379377,-0.527382200778580,-19.909901497736829,491.359606199999973
48,0.123277750693701,0.065559071923083,-0.226898327611135,-0.185734724184587,-0.373601560911952,-0.086899333617549,0.009541906543159,0.459274374226406,0.135271675843579,-0.472153688108795,0.032292271056176,-0.307388949830020,-0.579454237855300,0.361276041981263,0.192858709109909,0.709477467902539,-0.690240927416173,0.270405289484298,-0.550213228800710,0.318431654449732,0.434404516599423,-0.132814030985836,-0.511423505807544,-0.182453612973262,0.029479386201748,0.315815563795848,0.859841886846775,0.062912006441138,-0.912749106256306,-0.809290459837744,0.622192232255926,0.898455362206713,0.698248866933160,0.001029058317905,-0.598999007435410,-0.812416028941610,0.252129953946487,0.703224033013163,0.282030941084997,-0.136103239148626,-0.392674097712722,-0.406263757624888,-0.217753161033522,0.649130143589082,0.642462122038137,0.619842337300921,-0.375307515637003,-0.809743754098269,-0.000325290569249,-0.035165149178666,0.228508105788443,-0.065688392688521,0.094198037079656,-0.186852941098852,0.002190687154882,0.055238332682891,0.168437587827547,-0.090716196487864,-0.788800109655268,-0.364082356517553,-0.333216677168726,0.371456504359679,0.429598645549715,0.162166916303741,0.115096014852997,-0.171164270959991,-0.578591699997525,-0.577716881140731,0.688235327452139,0.476525513505211,0.318362161239737,-0.648161320381868,-0.501726635857213,-0.411822465879358,-0.234626621675601,0.474843810893127,0.071783002474519,-0.169459218182197,-0.863374283587580,0.229696302860496,-0.341023886645539,0.890582529971646,0.653980468763803,-0.445896841797212,-0.851302139742480,0.004424073363992,0.861414632309282,0.751151594348495,0.828241833100639,-0.702934351928717,-0.880507388933197,-0.526829001816935,0.604653168964893,0.382807836939263,0.531878137310044,0.428645124336965,-17.949426047260374,10.260681200000001
49,0.479183704028321,-0.522109429706537,0.578527237094917,-0.823653375982511,-0.275649872263134,0.010811952291972,0.294485883794769,0.187438729246619,-0.590560426660578,-0.116030733254414,-0.018737272501814,0.563188479005000,0.765637932551762,-0.363852119336479,-0.344815201682719,-0.088618748222019,0.234949088452918,0.805551231242242,0.140539148540440,-0.493042672051962,0.074835662162802,0.862795546584658,-0.622338200644968,-0.389393077657408,0.664478920180438,-0.754995118048723,-0.512716074254847,0.231396636205601,0.675121341197893,-0.200702647130017,-0.054412012387633,0.083816690395438,-0.879255026365407,-0.173981557120247,-0.695435687623773,0.442350607254426,-0.010625235985132,-0.301990193012265,0.295180763862262,-0.850846396135680,-0.634406594317193,0.423919370305625,-0.203538177841045,-0.369655777173205,0.405650212516692,0.402683755467204,0.177183326947779,0.877544761284970,0.613676547986912,0.737526186970406,-0.359230228009934,0.233600622607781,0.312511795583691,0.834650446470542,0.180493412249499,0.250326119596211,-0.629617619184181,-0.652561543886778,-0.868593600402323,0.877778547542214,-0.272557333294435,-0.426161615867089,-0.802155647455166,-0.551093194592103,-0.618331836290869,0.848661239819731,0.344495772889923,-0.870772958031706,0.387124637154297,0.415387919771371,-0.185323073738154,-0.106501268403796,0.137022444904605,-0.027015210806337,-0.449027137084889,0.713966334886590,0.603817690537581,0.561638003314226,-0.348557637820626,0.631240217193221,-0.408243838684725,0.045423456469450,0.013541084563245,0.534579092793290,0.456843864665121,-0.177145196482815,0.566103211965616,-0.249730696396768,-0.214146436034931,0.151198945358878,-0.000019320888501,0.335165441434736,-0.148691836039836,-0.485350640904460,-0.783697341715216,-0.007458032091188,0.096828900472639,-0.627855191655827,-20.928750577212888,532.090524299999970
50,-0.437288621248045,0.306670832450925,-0.200682786958613,0.883347433250965,0.639559737963254,0.318582889839529,-0.871639471742745,0.469265874274489,0.060838280928564,0.246800479339956,-0.200106338141163,-0.137205968708525,0.841700763736239,-0.248259553914218,0.074300324356182,0.841216605270374,0.001648419196986,-0.635383095657095,-0.458422513403310,-0.790330564067777,-0.444291462951539,-0.630440217975509,0.546873027859079,-0.187694004663475,-0.606244247281697,0.141267188993892,0.474487738407291,0.312073845818810,-0.364296193173702,-0.383580116411509,0.241824662953561,-0.003538603680529,-0.108113977918879,0.731605907837105,-0.869629405301531,0.383854626800855,-0.192586479825614,0.581950056287914,0.538923310727953,-0.448206410433720,0.051912203930376,0.071866825639658,0.110586465931533,0.586320209090050,0.324530128607634,-0.592791986201454,-0.654861386029592,-0.248294562564021,-0.801618099553991,0.733117944648010,-0.765385301324692,0.822953679049817,-0.347737957573778,-0.000000000000000,-0.000340638800879,-0.817069595346239,0.119483809249910,-0.467460964132893,0.876905667106421,0.576342331327433,0.862081804041196,-0.105377193211040,0.258149250156507,0.615582553374784,-0.877341157870019,-0.255478258743810,0.630982015000297,-0.606043491024305,0.755584319115324,-0.398784745795457,0.443661638708088,0.006718911390311,-0.696744575241215,-0.861742692082403,-0.243823130785542,0.109606612251731,0.469854397960316,-0.272467260355794,0.137848959130194,-0.126624864539872,-0.573827746118378,-0.638930313005726,0.140260474796471,0.496619911863396,-0.140402958725943,-0.008446202474828,0.370542931504430,-0.237444647984286,0.703911829780742,-0.435551287080946,-0.385964125108050,0.375583687188937,-0.135205197773927,0.235678006874608,0.269629721960182,0.249831620537693,0.586554957274235,-0.598800441565768,0.372769362136723,-0.491198107603026,-21.432974380770286,551.582346099999995
