1,0.000000000000000,0.000000000000000,-0.059683103659461,22.521881499999999
2,0.453631932145315,-0.453632398469189,-0.000824991325671,0.000832364262599,-0.075427127767478,0.036685400000000
3,0.551620275750989,-0.281638344830836,-0.269981756441472,-0.006730717183933,-0.474355401664645,0.481075121501275,-0.096876717890383,0.274128600000000
4,0.597519804694699,0.034962310252302,-0.597519315962644,-0.034962047100578,-0.034962739386489,0.597519050959641,0.034962154088797,-0.597519163773616,-0.111161684871187,0.019810800000000
5,-0.505405451571512,0.625146212158133,-0.506095065604612,0.193739510724353,0.192617330158811,0.367928497949985,-0.000593911425376,-0.366970338972386,0.594356790687078,-0.594726573282165,-0.120731920489915,0.634291000000000
6,0.000003208815735,-0.056489411562270,-0.669748912648765,-0.357440572101186,0.448831444529204,0.634835593279990,-0.000000010160287,0.685886425275908,0.158200909961270,-0.588087035749136,-0.521678555858497,0.265664184047727,-0.126227100032270,0.019110900000000
7,-0.442465488774612,0.245461757313872,0.687920432134928,-0.000002010112823,0.442453492865349,-0.245456540949152,-0.687919896040297,-0.538885926536122,-0.652620960775523,-0.113733824628423,-0.000011126756702,0.538888821692717,0.652620491974153,0.113743763524815,-0.134811656497255,1.409169900000000
8,-0.164556993954657,-0.637217905692123,0.703273266838873,-0.000000001496211,0.444950567122171,0.432020465040880,-0.148436920695523,-0.630043350776278,0.683802510285718,0.297694123865170,0.008269456993803,-0.000000006401891,-0.544691452462476,0.555005883113074,-0.687485759810929,-0.312592703323555,-0.140865178055400,0.051110400000000
9,-0.200032369197904,0.713375820317183,0.475402103898256,-0.657518055530627,-0.651633862820428,0.053061426567097,-0.050048909327291,-0.156344796663217,0.474422321511283,-0.719649473533791,0.000088244411604,-0.576459438311183,0.310107242052585,-0.290085922774858,-0.245773063779053,0.230634756740590,0.737628494684750,0.550354191482375,-0.143770181557441,6.113450500000000
10,-0.118878962575825,-0.437509581705681,0.118873225533943,-0.710608829356071,0.610833518726048,-0.610841103891291,-0.095471045498512,0.095491769532707,0.710598641066613,0.437536607710106,0.199820810574800,-0.572151683210562,-0.199804578181393,-0.116408953407208,-0.434007463033969,0.433998850048498,0.743441336055167,-0.743435378612876,0.116388501950744,0.572144488396059,-0.148885833052418,0.117093100000000
11,-0.361239406989699,0.216869526479483,-0.696383611181825,0.107590825026318,0.555882136598696,-0.706171337327006,0.134313350836550,0.559030141496808,-0.347338887727521,-0.216632851337143,0.754080059059793,-0.622175542920241,-0.057495009797167,-0.260025993003800,-0.714991561206008,0.472856697295825,0.270483494883107,0.703971367865494,-0.497776843469186,0.648121686584349,0.057111704354332,-0.000000000000000,-0.152603766948614,2.187565400000000
12,0.757573419013989,-0.482355490249452,0.269253319326157,0.003068859431521,0.639934204858683,0.253215151696581,-0.643017544297722,-0.252042630590780,-0.275236238309201,0.487277071139497,-0.001165547280178,-0.756570097399815,0.119633271390464,0.596280205290604,-0.718163031787106,0.740697564913527,-0.372998047769008,0.144831245034754,-0.367656217050980,0.146849787511459,-0.715875499973277,0.592277307983904,-0.291725951308102,0.125908456963969,-0.156689720978054,0.264406100000000
13,0.324680792784958,0.138350592513713,0.233279437118449,0.021635217093562,-0.126519381309532,-0.547123252895895,-0.256721854647100,0.739623738239690,-0.340132330825666,-0.652614405650448,-0.762807744587408,0.684918688000250,0.543584195749455,-0.686864733832787,0.761508333310630,-0.160997234514984,0.282523597881053,-0.729736355035953,-0.539720907729249,-0.122560223323528,0.110289865122031,0.678404472535466,0.350821710903227,-0.098215381579934,-0.360046554537692,0.514672215680687,-0.159856686418054,2.181200300000000
14,0.066853397567301,0.718474431023806,0.217487397929200,-0.066903822684391,0.747044514431116,-0.393073588283313,-0.718528584274130,-0.245720289474070,0.518359047718922,-0.518331158961149,-0.217412928337945,0.392964336084112,-0.747005441908732,0.245704358429202,-0.761765836179959,0.300865139960634,-0.243691851895284,0.761758858551394,-0.166079818360624,-0.673423055645599,-0.300717428162215,-0.219208789349707,-0.591983836178757,0.591989937738816,0.243637482347643,0.673495602547884,0.166188903038925,0.219143632230991,-0.163183575390367,0.239526500000000
15,0.309772832132314,-0.084566094855875,-0.309847990753907,0.290213147789613,-0.744864399484678,0.358916055811387,-0.744421951001775,-0.473095728908570,-0.531133565309983,0.083636454796498,0.632839557880809,0.782239146965673,0.656069512750500,-0.083930683586257,-0.141715648243091,-0.084498182374855,-0.309625925966851,0.083689868030463,-0.705041333429813,-0.190259377138661,0.696335411678406,0.254433819804451,0.598746751742841,-0.557178690806357,0.310003813928682,-0.451369610327870,-0.027407987832183,0.383982710649476,0.771814095944649,-0.773578618049558,-0.165872407579143,2.809364400000000
16,-0.230480631929282,0.572890332739552,0.203809857865222,0.451297905457773,-0.405402385711271,0.183539908625051,0.717980626164123,-0.326331352144754,0.783733549412725,-0.784389217696651,0.343396630494360,0.021950203896226,-0.704416716230677,-0.246591011357369,0.028438021605439,-0.608778483476717,-0.267950389231832,0.529855234810695,0.766274760083054,-0.655122472656085,-0.681610671599987,-0.301818677220421,-0.301854755568251,0.136211111120049,0.135568817928852,0.084658229369635,0.081544531223022,-0.779995239142437,-0.344204351949271,0.744436604502396,0.352359143967658,0.501444226854847,-0.168496711524021,0.210000200000000
17,-0.699820740300264,-0.658463339740875,-0.364755455091669,-0.421026598792608,0.696591340014508,0.666179874643636,0.784354459241282,-0.181260377640512,0.225617326170556,-0.338147923919760,0.035590062932950,0.321077119099664,0.425547403249315,-0.027244181994296,-0.035411876209021,0.358417457178213,-0.787301726653699,-0.366543791194260,0.418423853118830,0.706527216744242,-0.655121441426169,0.357894208561041,-0.429421860719607,-0.032399599318741,0.295545696351511,0.263898221906336,-0.081148257391838,0.775634215840363,-0.132823176509654,0.670042245094865,-0.345469043338511,-0.794740212237764,-0.689376097662676,0.039114726508404,-0.170771114300311,4.133596500000000
18,0.694956317540932,-0.002165793776785,-0.678238761768154,-0.803108178573581,0.791603168240632,-0.399674513066976,-0.210802590865262,-0.402433735537119,0.402460818721352,0.376501079496359,0.694900331778393,0.000092831974772,0.386179144183310,-0.691767007393450,0.007413662177862,-0.398357556027874,0.268077460386052,-0.035578568022179,0.413957599898798,0.810658375748245,-0.394427265709690,-0.012708757201622,0.000090895761130,-0.706280395977516,-0.348855902008221,0.677301632339918,-0.698771403099337,0.158155244711148,-0.387403631351474,0.000076477655707,0.678627125807562,0.400906980701185,-0.782071227194856,0.092910130836569,-0.308600363261606,0.406374401631564,-0.173072124172247,0.778471100000000
19,0.000056568881336,-0.691167402711791,-0.427532955613994,-0.000059336203460,0.691119397170523,-0.816655181863210,-0.000000111205114,0.408289105031599,0.213796250431563,0.213734416952898,-0.213745204891238,0.691123091524135,0.816658359071168,-0.408261392474583,-0.213793481806769,-0.408406816056851,-0.691077690111284,0.427539609134688,0.408363099890858,-0.798033492577994,0.398946729157896,0.000042305280149,0.798047009012445,-0.399005627780366,-0.000098080372790,0.000029094099390,0.707270248569038,0.370264575828625,-0.370245129909029,0.370290459219886,0.399038718885427,-0.000000000000000,-0.707283380095191,-0.370231531114019,0.707203698587959,-0.399085387817596,-0.000004590219628,-0.707216569635855,-0.175620356430265,113.958669299999997
20,-0.442861772770594,-0.485179526113721,-0.219559143442893,0.310305052235964,0.792106478683960,-0.715795021580908,0.772665192691310,-0.117992999367547,0.616178925980600,-0.420698161704707,0.200734982167488,0.259078921601285,-0.201919903265949,-0.692228005182208,0.000717351100915,0.420905474651046,-0.069661203398594,0.588730902896135,-0.815305568910156,0.219408916224431,-0.685567005909758,0.652581818166099,-0.358925777078252,-0.753028744322059,-0.172802570722622,0.349829353528759,0.220563607984446,0.791767812966546,-0.508322885491427,0.010010522197720,-0.369956875983711,0.766192321370143,0.369377422355166,-0.391039400821441,0.000665117611363,-0.010954040493193,-0.792699906266195,0.549994212567659,-0.026960257270490,0.359424116736550,-0.177705867237016,0.780243600000000
21,0.175235778631879,-0.175200370628526,0.415224772131125,0.816793855721311,-0.208174861853441,-0.713485035030584,0.207191908498886,-0.000005866991761,-0.415232242558907,0.713435243009427,-0.816789520674139,0.208170936696786,0.509091093186177,-0.175356516506208,0.175351403712840,-0.713330513832827,-0.207203332704389,-0.509093489692356,0.713386421430553,-0.509041665172322,0.509053234611854,0.782473415945087,-0.782466036845411,-0.000541001191198,-0.000000000000000,-0.359771545107595,0.344928821139020,-0.360335073948841,0.000021201138801,0.000577147882886,-0.344995238689097,-0.000128870216506,0.359801495497595,0.633356973622396,0.782669712709392,-0.782662405489228,-0.344986190234804,0.360370773022908,0.633155349234657,0.344912092527035,-0.633405825670367,-0.633183764257016,-0.179335997445377,184.734621800000014
22,0.511894983880410,0.725323870137745,-0.501330129653049,0.178457760073070,-0.805205550203140,-0.739361496402782,0.000004027692335,0.268940886242389,0.820075315353327,-0.738380182297756,-0.389079961985068,0.431616993193856,0.269271541129321,-0.096370656934592,-0.095941573787684,-0.502850697333151,0.510826527100712,-0.181505745916431,0.179965082043191,-0.388904241156171,-0.183453755065287,0.725688010398109,0.640685804797055,-0.349795563487890,0.630203963866510,-0.785267466464550,0.001059904307356,-0.354795030204510,0.000000000198858,0.337641273430650,-0.000385912626827,0.356847922467002,0.187128755928551,-0.000004172671752,-0.337583180657234,0.420841957158568,-0.421020396799844,-0.628921562180316,-0.641652522958762,0.799807329779360,0.784865780195375,-0.187544182826540,-0.799386817103608,0.348826511637370,-0.181525422908536,0.763060600000000
23,0.157725466164492,-0.511907035514544,-0.512034332730907,-0.200160099181220,-0.391838774729101,0.266471210322541,-0.741903031392062,-0.806405324983898,0.266440534780751,0.565216360379418,0.721470198435656,0.157604410938042,0.499047929218373,-0.107903181189893,0.285869090934161,0.000000000000000,-0.107944918647826,0.857542422900736,-0.200002604317679,-0.741992166848253,0.499125381118703,0.721484617824189,-0.391835028667780,-0.794482352618769,-0.622968748713572,0.622864330495281,0.795264117904412,-0.183899867877890,0.377768511950003,-0.350791806668466,-0.000094519843468,-0.377769700067066,-0.000003519955319,0.372220596262667,0.794512220638041,0.660336677767756,0.418281187165905,-0.000000999727251,-0.000000000000000,-0.418264809511169,-0.000000000000000,-0.795297827849395,0.350618921592313,-0.660276668626837,-0.372183632772200,0.183955034944464,-0.182404062102208,29.716364800000001
24,-0.588054730402321,-0.704327960060855,0.310951148026683,-0.424600369186709,0.107823385581672,-0.774240609441972,-0.289417559098081,0.289503333950285,0.424857917728358,0.005244161947714,0.359132096866608,-0.477521243148364,-0.824023945821392,0.774250408600671,0.076172316706974,-0.075906862671971,-0.005477261790400,0.823977980213878,0.588048428377188,-0.311139533575870,-0.359507270084505,0.477373815533602,0.704239040307843,-0.108209249153875,0.573074984144579,-0.442999326950103,-0.307668101639465,-0.714316539616608,0.112919922292643,0.269866254260972,0.766872405865977,-0.766781539909832,0.714204452302386,-0.479681511812816,0.362878764219462,0.000020039832094,-0.097041791901071,-0.269874559169632,0.827306356760978,-0.827312104583680,0.479805583544706,0.097008863855200,-0.572939035060002,0.307717752474378,-0.363001666089896,-0.000004236358961,0.442887386588604,-0.113042279864849,-0.184813089437300,2.409066800000000
25,-0.082827257552092,-0.665389231927054,-0.666085874614195,-0.809841108600392,0.002728670406741,-0.083111714958695,0.746875552113532,0.501976963161136,-0.503280458440660,0.334670246504914,0.550982723047773,-0.329596336938489,-0.337164740376254,0.840040841632731,0.551024853976412,-0.006170317351587,0.746437271193345,0.327673103745641,-0.401614650703521,0.153933253024862,0.248587618789808,-0.401071941218129,-0.154189647017829,0.247901852971226,-0.811606771160643,0.814879993183067,0.490423688114106,-0.491484514375208,-0.180843460029564,0.432765579952624,-0.815335895150502,0.337714707453403,-0.004813011439613,0.005626197489118,0.335141629960658,-0.623157739486978,0.339973584121716,-0.333104553413990,-0.000000000000000,0.622948778048215,-0.432799695519106,-0.338766763956699,-0.341109564566022,0.717456619282426,-0.000998457551152,0.775722728507590,-0.716340473074260,0.000946257157617,-0.775817344241817,0.180691978274538,-0.186406889653438,70.808844800000003
26,-0.666969092475339,0.465626015418005,0.259069492260245,-0.197750813323449,-0.813512883630379,-0.813414761663206,0.466055100598662,-0.077119374941935,-0.454475236420561,-0.100901069282498,0.200360682634142,-0.100810990592867,-0.424338227763154,-0.425099092293982,-0.076365234682412,0.769202667344985,0.181118687073021,0.769084449396046,-0.196755867858151,0.820228677628268,-0.454704048989136,0.258470687483627,-0.666249148275746,0.180366869085010,0.549394645252745,0.549662838579753,0.485123945887655,-0.204960169817258,-0.788067575433337,-0.484344360843365,0.169203168748339,-0.170248098706992,0.204329918885460,0.825455746879633,0.180495178414024,-0.171800954528841,-0.000000819214736,0.171956249453233,-0.725986804568597,0.725245935776636,-0.825188447039229,-0.342700959122775,0.435906559761942,0.343042064309554,0.484828415048232,0.000025411236666,-0.179429706675475,0.788181300128383,-0.485723509805211,-0.436161747670790,0.611695601633762,-0.611406321289478,-0.188031416412506,2.669083200000000
27,0.029853588665410,0.322905156314537,-0.712148335408213,0.154726923099027,-0.382153283103191,0.278412469037904,-0.481325197635509,-0.062016553533623,-0.344202416904115,-0.013366269285610,-0.184556607256530,0.825561120471650,-0.376000762897812,0.438009372780797,-0.634465227059111,0.498919647268094,0.182547961864503,0.511487139575026,0.800886376386524,-0.116853265452298,-0.166407211925168,0.246978328687989,-0.797270214661059,0.725458611861737,-0.834437727815040,-0.525435567414166,0.614783441265832,0.195885545995476,-0.777056268272529,0.426570478236715,-0.123775024310878,-0.355441914149461,-0.445976395916749,0.675358393323734,-0.469843358545947,-0.754470252332514,-0.829992354142018,-0.072058702206747,0.079206417635674,0.288619524420352,0.181261524461643,-0.558512477413689,-0.153199352979779,0.815186015340874,0.668168480645305,-0.270182043829396,0.508659677386778,0.828714161528271,0.464048386661154,-0.249577434313979,0.403501599739041,0.108853827955868,-0.018131157924373,-0.565698917047948,-0.189685969701053,292.316546300000027
28,0.196041615159638,-0.569411023015865,0.682359877929107,-0.163073044276226,0.826729800934520,-0.769991911839334,-0.265645687874776,0.822949310570028,0.409130392291830,0.414415676657820,0.146682281347107,-0.170953174579838,0.153953303003893,-0.098021013282260,0.084323424439984,-0.248838239850238,-0.101384261047821,0.101088931741331,-0.471152080536725,0.423727348197803,0.546813013671424,-0.776651262733457,-0.556466162145199,-0.831312581162021,-0.437656872971705,0.672461761957118,0.410309690967992,-0.432500941955777,-0.001974224504331,-0.622939204202605,0.493715336298073,0.514139244420285,0.176255652907172,0.341578754497657,-0.808331253451965,-0.192429055290285,-0.726634881898859,0.295650851844990,-0.461887481972174,-0.511484661663845,0.459935415832702,0.171378260711849,-0.830812760789738,0.813681770269717,-0.169547347134235,0.828979004780835,0.003652595480389,0.718229921227331,-0.004363192917367,-0.325586866793037,0.634285749846451,0.008563945296777,-0.308020852067227,-0.507476920690296,-0.302570507939234,0.314655674370929,-0.190963810265427,3.433692200000000
29,0.595368929873237,0.318784453273866,0.506253561846555,-0.149099257957956,-0.002391479836180,-0.782378828969228,-0.777170424482085,-0.276918579861249,0.774388055241765,0.771281581609572,0.172253033058372,0.599914133613150,-0.595715747969185,-0.590539785307853,0.319976146923973,0.408118374210812,-0.833940201152164,-0.247494356174254,-0.493485530383028,0.093918081554745,-0.169645189726244,0.000497750676500,0.840708087081377,0.151992411649576,-0.321860902394379,-0.488385704324726,0.072953560989406,0.422552036979633,-0.317845973254413,0.602927099832248,-0.768660101959535,-0.007797143895064,-0.171678812701249,0.837517289924481,0.324882892143249,-0.323103633127725,-0.463139199760245,0.315672930284424,-0.314761120476442,-0.151202549956437,-0.603891326002513,-0.588253160284446,0.586634929283093,0.770924961587656,-0.358834940338771,-0.000664258356511,0.465827140350746,0.185503574719386,0.504230951898600,0.149398122086295,-0.836979068535591,-0.000012174909864,0.169250598580683,0.781844945172136,-0.159849072785746,-0.499893880315758,0.335841910581292,-0.783503832919826,-0.192519399125905,324.838211100000024
30,0.595793330519712,-0.323612559540320,0.000014695538270,-0.840823536750512,-0.782222909736476,0.782127664032960,0.782166893874221,-0.595857253184955,-0.506846805344983,0.159340225460372,-0.159030633727585,-0.782171666955045,0.159509216707704,-0.446405689778803,0.159165687366273,0.446286941161841,0.840844783779931,0.323412124226855,-0.446246289695887,-0.596081421419415,-0.323547498751840,0.446342685908113,0.595830785503616,-0.000236489641645,0.323257690583230,0.159119377447910,0.506923340226597,-0.159234316481294,-0.159392679182568,-0.159572570119139,-0.603353468902470,-0.780619053325032,0.840086370895601,0.000169425921195,-0.317184397698809,0.317433751558494,-0.317456070557254,0.603175655873432,-0.000203679581064,-0.500179782707285,0.160364662863664,0.317479422903853,0.159840978498774,0.320251847621740,-0.160228667404073,0.320594166162983,0.000037488440959,0.780707644890627,-0.320739565480279,-0.603136525440224,0.780794219810975,-0.320627128543878,0.603255084971052,-0.840048127423998,-0.780877548093976,0.499990253267424,-0.000115050393417,-0.499910081022670,-0.159754875120133,0.500273301199133,-0.193981940947853,2.411038700000000
31,0.134568978543615,0.163681476958977,-0.229649623279433,-0.823732833706333,-0.436828499852711,-0.134188653648590,0.784820569016898,-0.504616689523575,0.152227311429154,0.377644423493947,0.785170525435317,-0.723884515336211,0.373532060499306,0.841569849464988,-0.177541087544580,-0.152973300511491,-0.506073094598509,0.178592106426050,-0.230962395425845,-0.163972812791464,0.624191002587108,-0.441085655476205,-0.823165778973462,-0.503144156809959,0.626152708547743,0.078529808865547,0.436159619789486,0.072649871644310,0.507895222570854,0.440369349352182,-0.726701250028679,-0.181039979521736,-0.508347738848537,0.818386685101644,0.153954372889944,0.309869130972896,0.180905913152321,-0.300090936088288,0.669768238709301,0.483533613583959,-0.755592053635158,0.299093611326120,0.444925413604047,0.750146797691998,-0.000443860736302,-0.132907817198820,-0.485080499895717,0.000359041694419,0.131729494949359,-0.809475283425025,0.508874756783709,-0.571880881618811,-0.322302109019117,-0.152560519568872,-0.671132526043635,0.575996341176170,0.833986566740872,-0.310109720927895,-0.838360468516543,-0.000000650746748,0.323413226384135,-0.445148044546485,-0.195266750905623,85.840568000000005
32,0.850355446736757,0.198436531610173,-0.094486261182440,-0.787809220969021,0.325215934461188,0.790954577748099,0.792516593132435,0.210458219807687,0.230176068886265,0.211552256680781,-0.366034917394855,0.598998669218437,-0.328012180834911,-0.084031525890218,-0.247429000264207,0.323964159902415,-0.850398095951026,-0.602106692250549,-0.524303771044336,-0.788045914368630,-0.064168155221113,-0.606525966765007,-0.069438171361344,0.598305810121236,0.538000393978621,-0.354990200215310,0.485864350667287,-0.330336539438988,0.006608285042384,-0.544482754473083,0.476937715248257,0.004050630204912,0.000058174286969,0.152562672955351,-0.563461462745809,-0.333003573051519,-0.785661260694785,-0.320783590719198,0.321423366946731,-0.140081609850578,0.490196227907347,-0.494532375074884,-0.398082378437214,-0.608277038247242,0.784426078412690,0.232266285980157,-0.012084245045742,0.787349253756192,0.001183188713915,-0.601748302919264,0.168980644903022,0.328193709790000,-0.241392411966977,0.600745718934497,0.558758075322173,0.606167595232319,-0.007902754515401,0.422096159515011,0.301277468310191,-0.785066805396413,-0.854830212951471,-0.147296487188996,-0.319862369969040,0.855330950849929,-0.196355553858227,3.862329500000000
33,-0.818712688223149,-0.109771474552649,0.777680639181378,0.443396325114796,-0.684151768668127,0.606262428347648,-0.201876261883791,-0.392508315264189,0.808496322451046,0.204072615270489,-0.084564049522680,0.165004567475235,-0.767755030495823,0.694941961557969,0.501182159881362,0.083386353615202,-0.034950600101610,0.259684443500542,-0.837343079025514,0.471125634830421,0.368942908899815,-0.475594153735625,0.471564956659267,-0.325043248944741,-0.143441537902072,-0.615991881636554,0.147212262087572,-0.168446964322530,0.180669354615737,-0.366108785568324,-0.502685417921367,-0.491909939508767,0.837277391177565,0.228793888138271,-0.508163319564584,0.343786917100787,-0.329144431381282,0.494588155714385,0.587507613553351,0.813406459325273,-0.388559266198614,-0.226714046167622,-0.819602813402152,-0.840144730408013,-0.147665219792873,-0.340277640615581,-0.500248530192121,-0.033524416690460,0.833878185605053,0.493869992496104,0.481063169335581,-0.060638263502400,-0.698284743253857,0.770354028619848,0.709635638137245,0.256929351502209,0.439887483257523,-0.168665725707165,-0.594824056340205,0.164781786518163,0.143093326854814,-0.488187661752059,-0.758524740496631,0.187754133946259,-0.103954062872918,0.059870036277449,-0.197586673402549,169.902328500000010
34,0.795510006373850,0.192589971167976,-0.038562746304683,-0.796255674679044,0.793157945787369,-0.646145446290083,0.426943225739073,-0.397583906431137,0.140325283571232,0.558218267375889,0.647569166782072,-0.845900193702186,-0.523484623084177,-0.320709457080379,0.149790860070411,-0.515425511595290,0.245243554545419,-0.659224864452914,-0.420908811967926,-0.145631743248918,0.856581402924333,0.431792431857415,0.269612420444013,0.422975465094182,0.079864100928209,0.649792407703810,-0.802858725027138,0.074443160845623,-0.424034360980778,0.466293373259845,-0.150577402033011,-0.199434040761650,-0.193932479619398,-0.118953757805272,0.286352107951169,-0.527815117254165,0.538479362354668,-0.286869553567602,-0.294122137915867,0.545562674435612,-0.736876044856296,-0.390941750228876,-0.839296817489611,-0.042881156539393,-0.547079042928527,0.003294337323734,-0.105673123016392,0.440125398700857,0.831696733688278,0.195039444206443,-0.000000615030136,-0.545197533546559,0.739638073104106,0.837538087411039,-0.000004003348955,0.739641505139224,0.484629134897660,-0.319924191781572,-0.234990856741957,0.541053378677951,0.295029763353287,0.232052654835751,-0.732324774138700,0.254888185850413,-0.834599894161951,0.140491751087377,-0.147762987876998,-0.517557358374895,-0.198884908328568,4.857988800000000
35,-0.630365400199959,-0.183327479888429,-0.237802033422691,0.677975566928449,-0.454588702448635,0.394529945230869,-0.858805049776292,-0.568259949312508,0.020266100960942,0.278439028847331,-0.100203348254679,0.812312274931210,-0.300701518956385,0.260252952624540,-0.015683054857068,0.119178940615422,-0.810140871149742,-0.050346291387060,0.501424309416122,0.846552896659846,0.795620044529670,0.205126828036740,0.457099811940647,-0.114213344821307,-0.461854305387349,-0.783026404914269,-0.673443160500188,0.627163007800420,-0.397741566884123,0.526207453988361,0.182552386880001,0.180487241640687,-0.462769415134109,-0.264347759174101,0.483005226091282,0.569716860898346,-0.832808771251458,-0.029390533827367,0.525429655065518,-0.283758755558863,-0.750800774989707,0.039469221517432,-0.017378231644115,-0.564389957101908,-0.449600195067207,0.221910679952321,0.253891441023022,0.482124663707970,0.486850389813423,0.541202316353830,-0.849251320719854,-0.258804171884266,-0.247410263376029,-0.268647646607866,-0.034964793622327,-0.322785908995647,-0.115586908284273,0.722184341654595,0.843407784770431,-0.721304479618507,0.322636925499617,-0.518552313533752,-0.575303210917839,0.761874612785639,0.016579288428446,0.170629703291124,0.830674474140935,0.247937754835334,-0.491376660886042,0.296444916872759,-0.199959215435528,352.303197699999998
36,0.465730092270814,0.424420831667154,0.260776293989077,0.449518704448723,-0.410820464249192,-0.001092070446023,0.131929609511577,0.589435879177477,0.233112208631285,-0.135474360773801,-0.651714893521359,-0.394246422961715,0.804049418518940,0.146493273300053,-0.165195139204538,0.795093233248703,-0.057272931258315,0.643944789959253,-0.164834359340225,-0.312269548783477,-0.803865900587209,-0.668791987082098,-0.538653926124807,-0.814666919309075,-0.847471940031006,0.866562027711346,0.159809942703911,-0.555812936456205,0.476306351856333,-0.434369204153354,-0.083694933322832,0.306841890814919,-0.372117415780154,0.662245051398364,-0.158615908175798,0.148987772350217,-0.308502754442258,-0.750809781052700,0.529658245698071,0.738155692544283,0.751489105204160,0.000248640101691,-0.844038263172425,-0.013704583610284,-0.540472432470652,0.845427332386994,0.558504562872656,-0.427371764651995,0.277724849217281,0.271073944383642,0.263202222753012,-0.304570065974657,0.558525968799836,-0.559009813329866,-0.842333411233953,-0.005373688645695,0.305499004068900,-0.538775557139818,0.185619627944271,-0.281356193841922,0.014778639668833,-0.013595331911658,0.838074658554497,-0.156760966255513,0.288365967929517,-0.733714020532338,-0.560612266582676,-0.000002571461396,0.455146333789428,0.536673352803533,-0.267852202460951,-0.270809346533004,-0.201244961499640,7.189497400000000
37,0.868748223082900,-0.300565242248971,0.799058247785290,0.153989305740981,0.154566263519982,-0.868445207214716,0.162974985936398,0.002310701021564,-0.153289160058953,0.132484890748414,-0.487971962760480,0.808755779155407,0.645932305717595,-0.485431366719108,-0.596523998325571,0.448663425564398,-0.450742517674198,-0.418785830983924,0.664764970798582,-0.809495279688624,-0.133255530396228,-0.154185312794701,-0.295648036262321,0.596868553721390,-0.164460496622207,-0.001890396963677,-0.645314331437664,0.308223456589276,0.000277374442331,0.418850475025517,0.487794124294058,-0.666299204312762,0.296805379624898,-0.798172460583085,0.486628367409106,-0.307722384430988,0.300304410349465,-0.016253733668722,0.515011889820449,-0.306896023819493,0.266761435286307,-0.266709420778287,0.018867876753968,0.839826001123144,-0.562547471536175,-0.267193515896256,-0.845530224627987,0.278617051931927,0.279215388973621,-0.561609248269992,-0.283634469554362,-0.003403604473632,0.743835020884618,-0.742629210575537,0.760972467370176,0.538558977414100,-0.277279560950652,0.845107122324123,0.266232677221171,-0.518474069740478,-0.000000000000000,-0.839901583094029,0.561971166283163,0.561780468877216,-0.000000000000000,-0.000103456523636,-0.761233707341107,-0.280720852693908,-0.536944664698707,0.517374134446574,0.307991967054664,0.281640145301141,-0.000828819422593,-0.516164370054243,-0.202466267318380,348.941049000000021
38,-0.153697669951589,-0.752957022861492,0.477266230778184,0.152171266509518,0.208282317181729,0.482474108851600,-0.483982611059175,0.152276270723084,0.296287927340815,-0.342470342249491,-0.000484358901733,-0.483651684053969,-0.593248710679766,-0.001126609745257,-0.342003045654596,-0.582674089963826,-0.582945874825276,0.000034382817086,0.208494329090592,0.592464655093171,-0.296070771177677,-0.153572854506119,-0.069680526428703,0.674379209717818,-0.306669340388711,-0.752709835865132,0.296663865272853,0.807074395048136,-0.070005429618485,0.674344109640452,0.305038445836485,0.482616268966516,-0.296668112105840,0.477120274800637,0.868122261532145,-0.848076674678000,-0.847831424797308,0.807070458855180,-0.264896970888631,0.407551246905404,-0.723825274220823,-0.264836981623238,0.828780123469376,-0.278770530081295,-0.278926895321898,0.264828157869588,-0.513220437750350,0.793527239228011,-0.557939603736174,0.279514818402004,0.000381156911851,-0.000017014044291,-0.793581873302279,-0.628509811454981,0.628150526261318,0.557973268662150,-0.828688530054511,0.000034731801361,0.513881217144176,0.264942859499450,-0.852381807039779,-0.523935479067844,0.000074412001358,-0.408061242366501,0.513151428921422,0.277768350984737,0.852361986235456,0.524048530607777,-0.000002636342863,0.278680446485269,-0.513458530252407,0.724000206217889,0.000070463860051,0.146263245486000,-0.146850889301658,-0.277650385640081,-0.203540292515324,8.422297000000000
39,-0.211330000490380,0.829836920537330,0.789033952684149,-0.414443141885530,0.643316586627557,-0.534300477377526,-0.287758505556298,0.597471015672912,-0.189862919658604,-0.203204286916220,0.489398352324555,-0.127022533121046,-0.860012110245093,-0.784667345406271,0.000061582341562,-0.299514731181297,-0.730457381457990,-0.449877356960499,0.151565074487280,-0.834073050826609,-0.407242989064866,-0.546767883062423,-0.579027214355423,-0.011659943634516,0.078965078550883,0.324074467154099,0.186761642313436,0.502937064330533,0.417668124427217,0.114099350069378,0.301049372417784,0.864783171176207,-0.110458864360227,-0.623380646174365,0.053700719248857,0.269235659526068,0.712607682644421,0.352900719745767,0.526467487674164,-0.534041098362285,-0.223999265956333,0.334365800099691,0.375641316760282,0.571980119047312,-0.675211766890663,-0.812719531378096,-0.015827701267188,-0.234985331218457,0.565597956935021,-0.277769950039656,0.852721956533938,0.076508251916168,0.360209238447441,-0.000000003231840,0.050226450127533,-0.460918557020901,-0.383165602333111,0.843312775711451,-0.201309656389981,0.763523016577820,-0.129805992147792,0.151877171797883,-0.861361461572140,0.554104372365938,-0.492422204482609,0.242361245623830,0.244987475760299,0.759287339627849,-0.279558394208803,-0.037452809576186,0.065164683051651,0.285511615986451,0.587775985123284,-0.573256480689500,-0.816146310165067,-0.478205587200795,0.486045682735504,-0.687902995229820,-0.204529075247443,358.360283100000004
40,0.474885613256928,-0.353676395973596,-0.587871159077248,0.676994263393875,-0.447198849800754,0.212101194359415,-0.207490406489365,0.221764487339834,-0.198583417824335,-0.757540143001576,0.536248542162318,0.332817201176112,0.059799234811122,-0.580444513374522,-0.569376728086997,0.819453683527908,0.576189081296214,0.862105489665782,0.068648687831869,0.682806219737641,0.821933816346991,-0.852115585025551,0.283168980760949,0.536732436318960,0.466783712607944,-0.069671547815988,-0.854819099919457,0.074520104226181,0.331715096066112,-0.198778185656830,0.001278403976832,-0.343649981653665,0.286486587025400,-0.447320307914379,-0.201466779058800,-0.318499746015450,0.076700233906035,-0.079008283135179,-0.574086362541862,-0.762044997518132,0.719617221031584,-0.787926642669759,-0.636022244002271,-0.537892003047024,0.399078416241023,-0.840608404022235,0.241816907255779,0.838100791069113,-0.249456115070776,0.414077651523826,-0.280062643433122,-0.473506629637209,0.312175473622823,0.643734229960970,0.146917014756962,-0.281250304760734,0.000130321093052,-0.004573368330178,-0.311161880256473,0.531006174834554,0.272585134504953,0.144800412965964,0.143311918736147,0.279482153310388,-0.725400846495787,0.861045089934395,-0.134118006480040,-0.597620811569240,0.472031550310817,0.546087858158331,-0.000000021759967,0.791571824852393,-0.137507459264201,-0.394141342636918,-0.548496145049947,-0.006545560404550,0.598667547912042,-0.860056868760836,-0.144361559322860,-0.405653600799485,-0.205590262506191,6.415312200000000
41,0.571631330075110,0.090489140757010,-0.460220702522280,0.216799290800683,0.057500115038212,-0.077304822421176,-0.492380627555583,-0.218852393478975,-0.219694918430702,-0.623078153818704,0.333590649909745,0.858244219001830,0.365893575993384,-0.072814712533804,0.598473914386032,0.336671270201077,-0.004658794765460,-0.522509213015556,-0.691292163083137,-0.333807995932027,0.004919142844704,-0.202933617172308,0.753772983631809,0.582833994498793,-0.811508065146632,-0.876256150948758,0.854362867204437,0.768842964786416,0.225870714324830,-0.667753003173771,0.213100684164113,-0.329177668638673,-0.004679865689195,-0.238120253396782,-0.358052152687100,-0.525316814482962,0.582102945153265,0.225089791940455,-0.823298840461416,0.452284204244713,0.454660446052438,0.651850211496657,-0.860112996871039,-0.733904326840668,0.555482358336698,0.865371115577564,-0.610428970749339,0.712870875054977,0.212782658410630,-0.212771889374924,0.004180182190529,0.801446975568277,-0.122535688917246,-0.786378295319804,0.613245551688495,-0.629894158558575,-0.000029960476592,-0.346442670204230,0.280056359475418,0.517516733873281,-0.486439782434954,-0.000000425942387,-0.847428040624891,0.425630534059491,0.145677504400713,-0.299020515440322,-0.021787483510979,0.157227737012884,-0.396933326133265,-0.230940737208477,-0.544969303925670,-0.557031917314771,0.489544875301070,0.348191200715403,0.835954995249648,0.000326966256693,-0.274430260969383,-0.148956521059668,0.230544879320650,0.263652796945983,-0.399112008048145,0.396266075480445,-0.206383659152877,412.857661800000017
42,-0.867406833483380,0.541112277150537,-0.573942784450332,0.827048097390150,0.209282380419894,0.685865289170853,-0.234620881927378,-0.755377122495478,0.464280474580191,-0.598198194464648,-0.358113429514126,0.372585551523322,0.333601213010456,0.336084569719656,-0.372116980025798,-0.436773665938168,0.169489512497494,0.615314611156747,0.084859806192367,0.119057764297312,0.476776464589044,-0.092569346196689,0.045633704846475,-0.066557566331927,-0.324351394438563,0.100972664898278,0.214295247140255,-0.472956943376465,0.873650431518826,-0.617089898547113,-0.117172673602723,-0.856447918946306,-0.767616168811468,0.820781357737774,0.346159576836736,-0.192828530007679,0.563100314270897,-0.074191503922791,-0.335924510428146,-0.590363611560981,0.677865240264395,-0.161787940569683,0.122145152041272,-0.315397399793143,-0.653296466702136,0.282155358705493,0.840307814582684,-0.540013737129305,-0.545981251612670,-0.424399253876333,0.732298643273012,-0.114867248708615,0.794654340642704,-0.121284009140180,-0.519927327618507,0.164263188090694,0.115757151927598,0.418637090332575,-0.312880276163963,-0.000007295863433,0.588213003657621,-0.023560261447764,-0.733595260088354,-0.298442409124790,-0.591806987161020,-0.861131787112613,-0.171101178353385,0.296655088575097,-0.836606720009356,-0.395111760422819,-0.000038845270702,0.182281893489617,0.027130189539172,-0.162235519877516,0.412954981761282,-0.276521203784682,0.483508098290069,0.585597703486500,0.292082160506516,0.863818472328971,-0.800051533794885,0.638399529023440,0.545730649527448,0.315488067650263,-0.207296263842513,13.414754500000001
43,0.304117732899259,0.831283731485489,0.584596798091207,0.113641459183180,0.335995845051470,0.314945774134592,-0.244172091144739,-0.331640804855736,-0.350452892837450,0.870319770840720,0.866486207763102,0.540747966542236,-0.079373411033730,0.382582271363003,-0.561874797568286,-0.682306343840330,0.601291864888706,0.862662740115659,-0.483066390416846,0.632571455765417,0.864823901873324,0.614073951674086,0.201946910401036,0.613690769211603,0.867886230271306,-0.863906559892382,0.577887224531375,0.041658246771341,0.583374472064865,0.525373053832434,-0.125261429414207,0.368909526181984,-0.584445982139683,0.863711187074338,0.876543930239546,0.869179520659395,0.335446127351611,-0.824946215104017,-0.060636340588530,0.718780747204321,0.866725863413240,0.874006674168526,0.146741988617112,0.810444820851620,0.240609993710580,0.000000000000000,0.000000000000000,0.000000000000000,0.000000000000000,0.841687782439992,0.149816560542435,0.458274981247232,0.000000000000000,0.000000000000000,0.682315812378176,0.097549833956117,0.463025278517212,0.285352899927831,0.539950068612439,0.000000000000000,0.000000000000000,0.714088506810857,0.000000000000000,0.000000000000000,0.000000000000000,0.239198357959376,0.000000000000000,0.000000000000000,0.022226221186521,0.000000000000000,0.867200205578779,0.000000000000000,0.248860914913757,0.615196015172081,0.000000000000000,0.002990348416368,0.000000000000000,0.000000000000000,0.000000000000000,-0.000000000000000,0.287977968916277,0.355297748787677,0.480170197507716,0.000000000000000,0.000000000000000,0.568870605495428,1000.000000000000000,154.840974899999992
44,0.595612103179041,-0.412539082361830,-0.868623239688711,0.758005051844279,-0.119536510032693,0.255735900885458,0.636198363071910,-0.641687072337363,-0.255452468842364,0.856804166408222,-0.636472853296263,0.542435868367961,-0.856522807006492,-0.125805043661850,-0.595795520709202,0.125981130496202,0.139146638403091,0.378328127461901,0.120014572154059,0.548281124814498,-0.378329494486592,-0.384739839774040,0.412179452851957,0.642006300160865,-0.542242994395990,0.102826484504215,-0.103117915024317,-0.361626390652760,-0.252535924189516,-0.000524267517398,0.385300369118307,0.001162107910862,-0.785923066144093,0.158642214373407,0.361402039947978,0.253420907121909,0.868549227018466,-0.758049491820056,0.785888697422125,-0.159084413557764,-0.547798231789535,-0.391682788299421,-0.139105410066500,0.391689636068818,0.639990899302875,0.766429140876179,0.116316211199591,0.426926368445480,0.001328421785047,-0.255127890565814,-0.597386700959204,-0.008239742156751,0.254743878575176,0.172963867874045,0.597042487951070,0.267631087798557,-0.173026758021955,-0.576864521314330,-0.639803396283424,0.576813135093929,-0.573550850172985,0.493504499620534,-0.001111216576950,-0.255684783488986,-0.493649904733923,-0.001573902628435,-0.766727763813251,0.008630208465887,-0.267741082746884,0.859296656173840,-0.859282559121004,-0.789328311218922,-0.254706294942314,0.307180148528691,0.000000196376630,-0.307013451623097,0.374058679636601,-0.851574593444210,0.789424301983665,0.253937457298181,-0.116687280925611,-0.426819607827879,-0.374470808273948,0.851539675947591,0.255394962462806,0.486776543430563,0.573503914562105,-0.487022494089495,-0.209293197355474,15.110607300000000
45,0.598631488096611,0.864668749690915,-0.369882122844035,0.539335975434374,-0.630574452066684,0.872393978565419,-0.534827189064203,0.876110552697993,0.137714086166705,0.354594723019677,-0.245838641904436,0.380170166064452,0.861784665019217,0.875599244630281,0.002423717402759,0.587429931072531,0.867085920512892,-0.355586549119513,0.631619040768191,-0.580237955012499,0.864558977003449,0.600520568495803,0.614732808193033,0.133422725859011,0.378302792782260,-0.123124677960795,0.867242451169360,0.866159999423394,-0.843003206157988,-0.377741517851022,0.755467200183403,-0.741377645902858,0.865713528411365,-0.116552892526628,-0.111248574885221,0.379037570275631,0.354563859603336,0.249961600887513,0.117198516626228,0.850044575561886,0.871878863016940,0.587331952117101,0.598775407749121,0.614432323293755,0.310609856421134,0.000000000000000,0.000000000000000,0.491505699692705,0.261558110664543,0.011036478975383,0.000000000000000,0.271110484062983,0.000000000000000,0.853969519998237,0.000000000000000,0.255183695023327,0.779621294490007,0.000000000000000,0.000000000000000,0.310962105765506,0.000000000000000,0.000000000000000,0.790552623845088,0.000000000000000,0.651043834332846,0.000000000000000,0.631893979575864,0.000000000000000,0.573571749999139,0.000000000000000,0.576071896867959,0.000000000000000,0.000000000000000,0.211763422349822,0.002583495114620,0.426203114213056,0.449942560262219,0.000000000000000,0.000906854157628,0.857654739233850,0.485340631538968,0.000000000000000,0.251593411718642,0.000000000000000,0.184918016802947,0.000000000000000,0.000000000000000,0.000000000000000,0.000000000000000,0.000000000000000,1000.000000000000000,154.451491500000003
46,-0.870188792462485,-0.852058773997184,-0.072840185255779,-0.318258586385723,0.738751108977081,0.105313054912653,-0.595948599386348,0.190230037570889,0.171847981715471,0.180703671253737,0.577072354748821,0.609559239369529,-0.613122413828611,0.066783850459875,0.668969848618918,0.852485112354942,0.463465066477780,-0.053722945049742,0.416171401076948,0.328835102948829,-0.524189716204339,0.870575693235422,0.150135355837222,-0.463578763175892,-0.343796921029391,-0.487041413787403,0.819524579018026,-0.571171923188309,0.392225343878207,-0.673288882721601,-0.063462467542478,-0.218446358610758,-0.312146179349243,-0.083567234491912,-0.811375188736268,-0.204630455793063,-0.739307890604568,-0.071004043022031,-0.335888349922813,0.332751015208495,0.554504546719100,-0.080649133215652,0.597917016512429,-0.324681858213062,0.213607142975676,0.377206432299788,0.057594516685385,-0.214959369324692,-0.592636111935050,-0.820316140322275,0.474251536201034,-0.341120268813315,0.120491625638797,0.578634764298261,0.296999023788224,-0.604534601168423,-0.278090322491273,-0.020872942778127,-0.131421450392487,0.874397733094805,-0.560597312937062,0.208820171900290,-0.738785528606049,-0.867140704831973,0.443053463841469,0.807184616190536,0.374031040482007,-0.059824033425689,-0.000006069631618,0.739725637188726,-0.073642852258400,-0.350380635025728,-0.324599342845562,-0.668483544863014,-0.463319538452674,0.569670398812321,0.641776076739106,0.849525956090931,0.525366650114458,0.123892377119025,0.323515505257771,-0.341495673950654,-0.457873149374741,-0.136657114906273,-0.567771897486975,-0.180284136984086,0.672054715475593,0.383260134368606,0.253254814203287,0.206056469186322,-0.853404543440424,0.120266227387019,-0.210996185917770,18.188708999999999
47,0.874714678047106,0.871031232310945,0.876481636130557,0.877593052064122,-0.197652864049240,0.622813208851468,0.606818338631240,-0.593437698683117,0.391155220509142,0.151428702799423,0.546093534936098,0.151132795791011,0.606742719694235,0.877263028277810,-0.519031656417948,-0.006493700180714,0.390650364918848,0.073246526933830,0.239899673506877,-0.058247712938462,-0.640773609808717,0.546420301326583,0.643701572493674,0.830064484806143,0.875675861102441,0.321632763390638,-0.289098858157920,-0.861970042594888,0.635876183105854,0.597903876777327,0.640620346511900,0.870863253736678,0.604225940085297,-0.792586265594663,0.883381630182399,0.196836950790511,0.870894147451534,0.871011415384031,-0.435741901880304,0.421307425273049,0.870292967166153,-0.344939194776344,0.377754020774588,0.353160880080218,-0.293536878794593,-0.071932140965605,0.720309751982198,0.000000000000000,0.000000000000000,0.000000000000000,0.000000000000000,0.854730362664761,0.000000000000000,0.000000000000000,0.127689793306517,0.000000000000000,0.000000000000000,0.244262547466298,0.000000000000000,0.000000000000000,0.000000000000000,0.375115001227945,0.378081338796360,0.000000000000000,0.871773174549506,0.259548427139261,0.633409926317313,0.599674164880425,0.685362166019716,0.000000000000000,0.261927439941977,0.000000000000000,0.809597975424474,0.262947085131448,0.124460491190221,0.000000000000000,0.000000000000000,0.000000000000000,0.000000000000000,0.000000000000000,0.372143838257365,-0.000000000000000,0.571638962906989,0.000000000000000,0.000000000000000,0.754357705745966,0.458967145231825,0.000000000000000,0.000536975523167,0.000000000000000,0.000000000000000,0.531581246731828,0.133497632033564,0.489723836177962,1000.000000000000000,156.954375800000008
48,0.868987931474379,-0.452706711927535,0.864501299592552,-0.142362944967281,-0.411830700436745,-0.390883178449447,0.607768328940523,0.286329908917586,0.105442948059522,-0.546509687945933,0.519825107748769,0.616294144301083,0.383712085457718,0.146998504148359,-0.147056604664256,0.403139618821572,0.330851103857863,-0.125087599641482,0.142891327084585,-0.224842678303972,-0.148769489686712,0.798332268256329,0.338796646282617,0.104199458481312,-0.234033307528182,0.320829073420350,0.024872890773473,0.781203727374156,0.382723283679515,-0.364218463887736,-0.098235562324025,-0.871557762365060,-0.188778968767958,-0.623186718695632,-0.780964668071553,0.626314159543128,-0.388654075223195,0.063981754733952,-0.625892033969367,-0.627973432623069,-0.785634215975093,-0.863740717802508,0.556097433418409,-0.627911635659696,-0.406329944850888,0.064562659985285,0.609159589658456,0.131726923403402,0.118450380266455,-0.433036426475597,-0.145454291669626,-0.099129761451838,-0.777023346936740,-0.151378068150795,-0.640506336762254,-0.557178214375242,0.632737724707448,0.303736512018056,-0.412892390849399,0.110102007420724,-0.788769380766725,0.870842601734829,-0.866944853247077,0.779653885824542,0.264136320355488,0.868678516337150,0.109229886883691,0.355984218842678,0.610170300338455,0.381054804675768,0.529060290399312,-0.137684861089273,-0.600400144985227,-0.270544746404748,-0.642378251558161,-0.406802145697932,-0.011644876570301,0.113076753651643,0.147047766040827,-0.125906114015559,-0.351504792124950,-0.617260824616038,0.398912983263678,0.618285427481837,0.789047865725224,0.380349710732991,-0.220191303783704,0.622873846693351,-0.403470525290547,0.148346090157470,0.364929556750503,0.046456584583594,0.524012551936097,-0.391786164278628,-0.160808542732131,-0.869307987513003,-0.212636911159345,20.776957800000002
49,0.656088921847624,0.266728437660138,0.880824856419920,0.876218530797521,0.875928976715924,0.875354245693044,0.881225928481893,0.879917814584133,-0.393789000185371,0.879161061157770,0.595011216907910,-0.468746478002193,0.730226851592742,-0.873983116240844,0.411289394387250,0.635861639044232,-0.015955547056746,0.654011738942649,0.839598719443468,0.882492723081363,0.405042607853739,-0.793423261769035,0.548739983994604,0.878420069964698,0.299723139655894,0.623649062130722,-0.198752638898075,-0.643245160545477,0.625543562071328,0.174690000210405,-0.201383038995315,0.476630956713407,0.027142147592129,0.392437883320625,-0.262667344063860,-0.445987891346841,0.072115261241284,0.319435477723317,0.418859761114630,0.626698014521621,-0.631151785540092,0.625813928583398,0.876464592659409,0.648888232084329,0.174656559764141,0.068861361252331,-0.172092651317754,0.880590535636010,0.384855779834308,0.000000000000000,0.579875277862750,0.000000000000000,0.000000000000000,0.000000000000000,0.000000000000000,0.000000000000000,0.000000000000000,0.143085304149975,0.000000000000000,0.202482521472749,0.415825103286704,0.490247031639580,0.117896977543193,0.000000000000000,0.000000000000000,0.649105032358638,0.000000000000000,0.255986010337285,-0.000000000000000,0.000000000000000,0.385533159645477,0.688314808801162,0.000000000000000,0.252371372603097,0.000000000000000,0.335205263677608,0.596272109999904,0.000000000000000,0.000000000000000,0.857004963733339,0.432457989817441,0.184175036987181,0.000000000000000,0.579896402637056,0.756639747849964,0.422138928342699,0.819560197605579,0.000000000000000,0.000000000000000,0.196602953304934,0.000000000000000,0.000000000000000,0.000000000000000,0.000000000000000,0.878320767180762,0.030887327259288,0.000000000000000,0.000000000000000,1000.000000000000000,155.924998799999997
50,-0.338216964471498,-0.639105291525413,0.192988557468013,-0.233311502115603,0.211326779494043,-0.493944113115054,0.513878942471355,-0.418420150956390,-0.872603439235477,0.437371837744837,-0.875208209254185,0.420093791113992,0.570236038723686,0.287272752057161,-0.621147761456910,-0.178125512271431,0.854824235517697,-0.778275337489002,-0.530318930478860,0.025801262013359,0.390669883011601,-0.412053224839650,-0.025721698151054,-0.044519599620945,-0.244628400036296,-0.211283340723432,-0.177141530601705,0.880115939324138,0.000221819992638,0.246146567933945,0.702246336444351,-0.801103442762920,0.744655273397241,0.586900757274521,-0.632123587287708,-0.288398117604092,0.213143710832694,-0.093361140673010,0.001898548369297,0.032009182910249,0.641864200592191,0.830837707162368,-0.382638156764728,0.409610562180962,-0.469824374369352,-0.663404413058590,0.180931979056178,0.606479207662128,0.101668503407306,0.353832059293159,0.542966431044932,-0.172524403353489,0.611927136662233,0.849396299875447,-0.596111915689891,-0.394773669112251,0.713395885751227,-0.772302655496649,-0.153336945614109,-0.460290259660438,0.104903786694209,0.479628943041543,-0.669782078795473,0.834521082039596,-0.619015198867144,0.002590596125605,-0.219499460825222,-0.408821122481058,0.361059981138388,0.425822510840650,-0.151517169400402,-0.104722699730687,-0.426789267939577,-0.665596272955675,-0.291536540234148,0.330614411359663,-0.866568979233412,0.042901619036575,-0.168246155278373,0.298349696826888,0.528860769227933,0.352175724839675,-0.473733970341084,0.279212517532722,0.098777555141852,-0.559462786558118,-0.323355301183131,0.640121124267022,0.169411551956927,0.875001785579253,-0.000044224823662,0.293237774141845,0.155820011971750,0.111599539036077,0.746217637250170,0.577410774226359,-0.000298574499687,-0.263157234090910,-0.875884307310970,-0.803750229631188,-0.214385527836899,23.666175299999999
