1,0.000000429087378,-0.000004459612599,-0.046720764413080,0.083363400000000
2,0.619357098091689,-0.619357618391572,0.000004942168196,-0.000006453491829,-0.085488428605108,0.133804200000000
3,0.844402322686556,-0.844398034474527,-0.000004415416225,0.000003317357912,0.000008322055967,-0.000016126536795,-0.098905741279412,1000.004152500000032
4,-0.940359005078408,-0.162625132827786,0.940354610231598,0.162627701341007,0.053785669779428,-0.320622180088268,-0.053784055148518,0.320630385070320,-0.109750634571245,1000.005428800000004
5,1.004388747608536,0.421009969043103,-0.421012469775674,-1.004399377962781,0.000008894966748,-0.087579421984250,0.281157552129573,0.281148220832527,-0.087572614109612,-0.369253383488425,-0.119298727512032,0.686198400000000
6,-1.067833273081714,0.393288512597107,-0.393291606778635,0.393426993064392,-0.393428796375431,1.067822808646199,-0.000041981034207,0.336271069114158,-0.336275701847406,-0.336257508763521,0.336254411800825,0.000030044557439,-0.128712109020694,1.922367900000000
7,0.362864788186616,-0.362930867463180,0.000026308029834,-1.088849625722226,0.638029459779814,-0.637970163728267,1.088819408678155,-0.360092010855749,-0.360093806717027,0.316787444661519,-0.087253431336613,0.292680809716343,0.292688448612820,-0.087303540718467,-0.134436659133510,2.198355400000000
8,1.133347411763035,0.599826191603049,0.599727047297216,0.000053112238938,-0.599720310531411,-1.133346726465178,-0.599840502611420,-0.000056407162884,0.000035172781954,-0.322950780634357,0.322957449548634,-0.344632709098107,-0.322972538880111,-0.000048650331323,0.322945413334344,0.344655790181419,-0.140691761811228,3.562714900000000
9,0.000077711347386,-1.138994790865541,1.139050650561734,-0.776969554498801,0.558957799274582,-0.247262256731605,0.247118166508978,0.776836529516463,-0.558814469475281,0.362365422804346,0.086381386411976,0.086262904281212,-0.287243360484906,0.342043730955588,-0.323201549795760,-0.323222376315197,-0.287280112255089,0.342074272019491,-0.144250083190949,5.178760900000000
10,0.730987507113308,-0.730992415955466,0.731145676112991,0.234458916300151,-0.234463268479249,-1.174597569901944,0.232920513483253,1.174597370603326,-0.232914200463222,-0.731141023068631,0.310942712944540,-0.310932142860594,-0.308600726922049,0.336316498740201,-0.336333106049687,0.000061521674480,-0.346213019262064,-0.000052906590385,0.346210630132661,0.308606812646233,-0.148337337714132,1000.016597899999965
11,-0.725609374327303,0.318035407279347,0.274867019433804,1.185317930795566,-0.317880806841337,-0.819705706569806,-1.185294192360756,0.819533032673532,0.725784068746874,-0.275177048176830,0.000122644746525,-0.354418714228534,-0.082527351655221,0.421326154564983,-0.037497058378738,-0.082605722545857,0.296397151251033,-0.037648451426526,0.296505064057764,-0.354365918402505,0.421285570656789,-0.471522724205880,-0.152418878563660,1000.011250700000005
12,0.417599175997838,-0.817103139126129,0.813525477910275,-0.170781951633343,0.224825729310797,0.813414219090555,0.224986055359865,-0.343438553795229,-0.817238507191368,-0.343280549843493,-1.205348095762477,1.201220210043545,0.000022888319195,-0.286642265606136,-0.326290248142652,0.000009244224167,0.449140812110358,0.326336417647704,-0.449126987245631,0.429070744274458,0.286602328637065,-0.429108833804885,-0.000063091168335,0.000046388635645,-0.156388269353973,1000.017557000000011
13,-0.513458991323871,0.484348261460549,0.916394695261439,-0.340125264971797,-0.015249434420447,-0.961096329412014,-0.741988071604482,0.329279098066605,0.236087687669819,1.207587655460293,-0.202736362403039,-1.188034142389079,0.790260008424365,-0.399747291284662,-0.395371839598095,-0.261743628473442,0.027533384339573,-0.442213182374679,-0.249799720670836,0.342506788976445,0.442430989289001,0.009198728624638,0.061650728853747,0.457773153716939,0.103476171060009,0.299655598787654,-0.159373102360621,1000.009776600000009
14,0.819246136278492,-0.941732452080935,-0.818987656975197,-1.215585894909135,0.941484195054506,-0.497468255216545,-0.000217006876628,1.215659946025830,0.497662686894315,0.000105590154765,0.267787605137114,0.471912175784673,-0.267520056617826,-0.472330203213043,0.345019632057920,-0.276657168778495,0.345109376860080,0.055745857775485,-0.276818595188524,0.035767029493106,-0.445449334878648,0.055496328909763,0.035713257384023,0.033586266984171,0.463445615473931,-0.421095398963724,0.463467460227865,-0.421019494092531,-0.162932351602909,1000.006953599999974
15,0.912444520357238,-0.000138958379317,0.000205717684851,-0.912656554282041,0.456229189963989,0.455893369080687,-1.232623823436914,1.232636761962768,0.498044780902958,-0.456151206671024,-0.912442264764986,0.912665757345901,-0.498192161064895,-0.000073670281496,-0.455827570913699,-0.293743877187671,-0.453125084449472,0.453127337456874,-0.293660458229456,0.432864432150543,-0.432939659329542,0.000098239142712,-0.000112502563123,-0.000045437186752,-0.432879504033433,0.293771417956477,0.293613523119414,0.000042504741169,0.000006265378274,0.432942768435986,-0.165966052441091,1000.012086800000020
16,-1.239760933911249,-0.452115110128764,0.929871893851519,0.632010045014606,0.930047927948888,0.452340038104885,0.452137941162789,-0.632042762362239,1.239753087895414,-0.000100535300346,-0.929835829882069,-0.930074231905343,0.204114286596790,-0.204150682175799,-0.452331986717126,0.000115181895878,-0.000106888614503,-0.441240863628182,0.313673546535062,-0.000000728969285,-0.313590895672205,-0.441216502391256,0.441245298339906,0.000028772115951,0.000083184584705,0.465044075441006,-0.313697771904370,0.313580374583357,0.000028790048856,-0.000020359094434,0.441221084564349,-0.465039743460324,-0.168583115854699,1000.007472600000028
17,0.432165761861072,-0.888114707313445,0.000211430745976,-0.431754412012451,0.888524383684961,-0.625425698262402,-1.236548343988736,-0.197442678214978,-0.606394590639210,-0.201651905683732,-1.021067600137722,1.236691905514658,0.625639853128773,0.201891114973655,1.020660062296597,0.605793508919313,0.196823415308358,-0.446923183381699,-0.334528836703758,-0.468782441569409,-0.446986443376841,-0.334370231323500,-0.017087756794098,-0.064568367568184,0.447306281935410,0.410029506735060,-0.019475287928091,0.260697613592571,-0.064162036136006,-0.017017388206873,-0.019424785598311,0.260968795822416,0.410170661216184,0.447372478995482,-0.170924170855248,1000.002825600000051
18,-0.706952199811183,-0.751180714975780,0.098722782961000,0.554716382330857,1.253051512323465,0.985595809577067,0.683058530701393,-0.304242132145073,-1.174911877937613,0.291126369811551,-1.149372470814366,-0.354544767580536,0.153247356374744,-0.027952654825956,-0.749625609839327,0.534408669323575,0.963004301949427,-0.294103356006661,-0.401810727565370,-0.012926817405356,0.467549109766241,-0.419745094094011,0.011131706972944,-0.296426267950983,-0.011062380185463,0.468664223166200,0.177941593884239,0.074873559139441,-0.202889198570852,0.065550374779417,-0.482415455802661,-0.115109136050710,0.393861880864186,0.441314846793250,0.303798613683345,-0.462499131564319,-0.172640267095559,1000.021237700000029
19,-1.259087569945539,0.592678614965880,0.993303349645477,0.208699142782203,-0.209031485828007,-0.186293802469394,0.696714498373083,1.259099361042267,0.000001792776533,-0.995815188439799,0.186605252268498,-0.696715942408186,-0.592360338050161,-0.588032315511586,0.313821602283961,0.995530654761975,-0.313809455129738,0.587709772953375,-0.993012267297873,-0.001467547414782,-0.426812593485847,-0.289818370016299,0.473866657773774,0.473791453098069,-0.466360842834252,0.011444783258930,-0.001174106494563,0.112810726529166,0.293141124572457,-0.466369764622436,0.011426109936791,-0.426886819020317,0.415241023303507,-0.065804498833495,0.293292205510443,-0.065815995213839,0.415280689280534,-0.289970203587305,-0.175178156828340,1000.017406899999969
20,1.009124435272629,1.008757110534106,-0.000312891390218,-1.008736568584052,-0.233112588334695,0.613813723770507,-0.613833201871324,0.369739909301238,0.000314227536257,-0.232582886789342,-1.264751734002737,0.613450465155332,1.264756179585442,-0.613439243111362,-0.369741052753342,-0.740276015600943,0.740276320447385,-1.009144953287548,0.232593622786212,0.233102935459377,0.293275383630223,-0.293448739166601,-0.195803245155808,0.293461794021211,-0.492443511753182,0.413792861154408,-0.413798182844320,-0.000287054771776,0.195778754481888,0.492490037192174,0.000207315343115,-0.413922031610797,-0.000184085630184,0.413920919848445,0.000290916160957,-0.000057283034470,0.000042087196076,-0.293265860037132,-0.492494645747635,0.492439939279259,-0.177314120092151,1000.022458400000005
21,1.024187299744338,-0.642498646644921,0.274355068611854,0.059168992290885,-0.362775627817330,-1.023889905727406,0.272200931366479,0.056268565606666,0.769317737703381,1.022585450066318,1.269980755653163,-1.269915125679990,-0.640336990140614,-0.178467507811587,-1.025387798074823,0.412591106309555,-0.756107813346266,-0.176629317496367,0.641363343538657,0.639867303224353,-0.365271385142682,0.290832156448384,-0.436166296470920,0.490846471369280,0.188980160253297,0.182079692924594,0.285771651654257,-0.490963285610120,-0.188495587418228,0.000318181624811,-0.291590251148115,-0.000817099109088,0.000764864274377,0.436574352148067,-0.514809977503473,-0.284698659536013,-0.001553150580186,0.000617126427200,0.514914932482125,0.409627967202887,-0.410310293865167,-0.181943412512051,-0.179203706739580,1000.008394199999998
22,1.263026414468962,0.014573151540217,0.433372863181152,-0.279865366374772,1.102698184074647,-0.122270625012119,-0.990081519897487,-1.266827203126201,-0.625263022644809,-0.407025099660141,0.589034883569468,-0.744964122222608,0.311776431359553,-0.759521154987828,-0.037332726124592,-0.394763425426022,0.772971910593877,0.755097586466317,0.149151757881334,-1.090509660306531,0.355418322330558,0.970331534681781,0.067987714644522,-0.147851713093280,-0.135802474690347,0.498058646174818,-0.238514731457030,0.189395672627267,0.309511414910974,0.053083941921721,0.403531761963790,-0.047340353065283,0.446134741137485,-0.390673199656016,0.194906204931971,0.013229214083401,-0.503632033970348,-0.451502315059833,0.027163403467083,-0.396505356705112,0.516132692898349,-0.245402327499042,-0.488535573068207,0.322619154383768,-0.181030219643359,668.473728100000017
23,1.269570290683414,-0.800307519043976,-1.000515791429448,-0.197973243656567,1.108875523050597,0.424246180900791,0.999623755678127,0.226139356699394,-0.629240616097528,0.029118089312319,0.767473978733516,-0.351112403310835,0.039440117190187,-1.272755995125553,-0.082360832005020,0.319735747203451,0.431888750537824,-0.754969287923763,-1.098455889209367,0.649729459290533,-0.473389011810636,-0.375419379017536,0.771562905768564,-0.058859650802600,-0.024254878931532,-0.311728876240543,-0.516655462651280,0.238058723695055,0.479367513514725,-0.296403353009573,-0.512241800140977,-0.443951785990840,-0.192529058406472,0.009650844692914,0.494874750637180,0.506451561055068,-0.050698981428497,0.154890028365574,0.152317198202987,-0.171816668411378,0.405644618760571,0.246474193251874,-0.442078268539681,0.149143338050994,-0.193225626360106,0.381919788469161,-0.182986637049520,754.528607400000055
24,-0.408811380797007,-0.320699634107508,-0.478410203525895,-1.084612157330999,1.281247640689601,-0.719055467231018,0.082061134943240,0.408800802359630,1.084612533213664,-0.745645272359521,-0.036676755994656,-0.337674899421720,-0.792738995575616,0.337685483477908,0.036680637874038,0.719071003783718,0.745646214324542,-1.049349735548222,-1.281240095621167,0.478410888831080,0.320697960655401,0.792718978468373,1.049350620973846,-0.082065546170275,-0.485000624985270,-0.160730412283152,0.142339116886870,-0.261057519830936,-0.019005221372295,0.417772409127137,-0.165247256803328,0.485004724866819,0.261050154023660,-0.390407897266444,-0.508411910397182,0.493338322497587,-0.021172756272491,-0.493340723180928,0.508400653555906,-0.417768082193937,0.390409589294500,0.273066555614116,0.019000451871143,-0.142355185988816,0.160713390568302,0.021191508664836,-0.273060320186196,0.165235898827842,-0.184820794901191,1000.030779199999984
25,1.082187971335501,-0.715899688847433,-0.830623512348704,0.724404720488213,-1.285970782298320,-0.376938437156422,-1.062117371734552,0.393445908653505,0.368926226221213,0.828833921973056,1.069365758213124,1.286231383689870,0.758085122664568,-0.402937200063892,-0.353767458430669,-0.764299325832273,0.007977604124602,-1.088422817148893,0.174736835737688,-0.539140154432749,-0.005126901235878,-0.177504917445319,0.372817377393397,-0.001822116159369,0.537680346063184,-0.259930691682792,0.413188152713289,0.032127847989800,0.408431803243059,0.014087652809582,-0.496924038350483,0.285324546879865,0.166974225707226,0.496502401812675,0.032365138716213,0.280620396516216,0.006859603576764,-0.414725741207829,0.169023699137851,0.498485687090844,-0.413080995532561,0.510908536830694,-0.256634813307631,-0.165532394566071,-0.151667113395087,0.171285370271612,-0.165120705746198,-0.496784485417748,-0.515491253993863,-0.149279052057143,-0.186509651263576,1000.734865600000035
26,0.754247904940833,-1.084065173579116,-0.370467650844276,-0.754920065185429,0.170539476878838,0.370481938891715,-0.754224751223025,1.084082736381170,0.857369265848958,1.084595191037906,0.371097736094940,-0.171074155942392,0.754877098281947,-0.000323905103869,-1.290576408390916,-1.084617643480997,-0.522515573096767,-0.523007681105253,-0.170538594476216,-0.371095303252598,1.290584144678613,0.522521377446462,0.000331283377819,-0.857352213002709,0.171058177382578,0.523006416113899,0.419234823863853,-0.270411695512708,-0.502686892732074,0.419056947121002,0.178071919192669,0.502689751962357,-0.419239294499140,0.270403174293524,0.000120965792907,-0.270038912297421,-0.502604193898011,0.177953785382654,-0.419058905784232,0.519724508459159,-0.000304942401779,0.270018914756639,-0.170854790611914,0.170823573160073,-0.178065394133288,0.502607262618660,0.000276518703307,0.170870055070586,-0.519720745057353,-0.000130507284008,-0.177942450100745,-0.170791002530604,-0.188192821335748,1000.020154499999990
27,0.790011581620069,-0.803296809729095,1.291950887794214,-1.292025559158257,0.487451421066791,-0.797414223290766,0.159617703304934,-1.095894618514764,-0.535740947302444,0.535383192324806,-1.104188892374727,0.810520770826749,0.491766290920148,1.097710786038499,-0.379373204705455,-0.175824540705520,-0.478573608585564,-0.001134333873428,0.828856874097348,-0.828735308947766,0.164540584066920,1.102409841139170,-0.155131803186149,0.175359369057328,-0.166789777579632,0.377467820877062,-0.498938244863675,0.377340022279753,-0.387956240181575,0.003315362733048,-0.004138591573542,-0.471254690658855,0.376140815298582,0.502972631662685,-0.251784588780198,-0.122902710082755,-0.121558626231292,0.256153519031371,-0.384574979735336,0.474188193996908,0.260863253543306,0.164963849058301,-0.151500284727285,-0.472772656514222,0.169358021466116,0.022829690521762,0.022689162473499,-0.501690187484690,-0.247898866561481,-0.502383105950136,-0.151058893104940,0.502868717321188,0.165350102882237,0.472234772457476,-0.189410603710232,1000.847295499999973
28,-1.280070277672833,-1.177721932000336,0.497385219815485,1.288554914486486,-1.013535106914939,1.041166506899166,0.359084176408094,-0.635685446263759,-0.512224041709150,0.856366674252749,0.515274593828185,-0.896717473989666,0.628146622443366,-0.002854310219742,-0.164831370571170,0.157054097773635,0.714847556012079,-0.176308880352414,-0.518720340538237,-0.878798596150577,-0.310682401961086,0.892262842666876,1.156724677405000,0.304511691534878,-0.334966716883265,0.011221668026353,0.168510575745030,-0.687623473907300,0.087280776147608,-0.209222619917665,-0.484958750066451,0.061862517112435,0.322689735034212,0.308448534012793,0.504965840173434,-0.151394808709858,0.172909712474447,-0.390458428285882,0.176382614903861,0.032179358127508,-0.151064062055522,-0.165393360483787,0.189680950431603,-0.513432229805218,0.432693492809741,-0.512805945280782,-0.482412844476325,-0.381414068323656,-0.157450938984444,0.031544902220046,-0.224376366641790,-0.155874360398006,0.506180986151820,0.522359473210494,0.191188329972472,0.440691281555233,-0.191021625058440,1000.669009400000050
29,0.489415573087807,-0.157363096308801,0.168058306496142,-0.626889307839814,-0.160854004017173,-1.111832056093347,1.299149122848232,1.105412305693413,-0.513542446071746,0.627920771488442,0.472228748807254,-0.888829891940219,-0.166099456859943,1.121796342371771,0.795390362656482,-0.824960103603129,-1.115923551254766,-0.480977032593503,-0.305250532252310,0.889429776512318,0.151879439104818,0.515224147356397,-0.802292495782199,-1.299271812324509,-0.483458941146018,0.831349091957004,0.163134222957357,0.000789499980322,0.306615367798080,0.484547342437773,0.513194908136203,-0.174017874310010,0.147914019563332,-0.509822510412583,-0.265935847483901,-0.009172573771385,-0.270232257863058,-0.165473150982716,0.148366290906828,-0.487142577714927,-0.032124917671129,-0.173434582871859,0.246775251229283,-0.399325968177905,0.402133021003966,0.250240230875697,-0.485826447292870,0.159919183987497,-0.032087155964737,-0.510543545252765,-0.166050552355808,-0.396373901424130,-0.002191957548830,0.485239305625932,0.399676277886996,0.512874326797854,0.169514491554076,0.159484298279089,-0.192521651682385,1000.379098999999997
30,1.302584818526293,0.170881688791210,-0.836761572364772,0.146324635408351,-1.302656514537720,1.104314528717438,0.466344030219578,0.606944416125066,0.838648176966481,0.007190539387578,0.803789749619674,-1.106384946242444,1.134095482277655,-0.176620996870746,-1.132618335495208,-0.806662363861868,-0.306805543322971,-0.008584713182117,-0.495882380781498,0.499275037691044,-0.607129721289010,0.915721757294350,0.305793494567772,0.292234094013304,-0.915228477858439,-0.140426249279536,-0.469800205570783,-0.620909473729158,0.621928920859460,-0.290333902807525,-0.016805397053063,0.515061427435987,-0.401302794025874,-0.519367435451405,0.014614440587480,-0.270306482618871,-0.489651058520927,-0.164330060018677,0.399571763142278,0.158071132359693,-0.412023258990568,0.268578290981073,0.248905055680252,-0.516399950614075,-0.250025198962830,0.409693968668553,-0.156422213252205,-0.197452061135421,-0.486324609017702,0.489299060246224,0.160351254726537,-0.003843594127811,0.183921335263110,-0.163040412597157,0.003605942354069,0.517400656704252,0.493880418192414,-0.166903931443008,0.161543307572082,0.190290851615541,-0.193893338487055,1002.876200199999971
31,0.798980878387780,-0.606936902946510,-0.301034313863407,-1.193454394619796,-0.308809463487680,0.615792907692702,0.300121655102848,0.277977524401860,-0.137702280009997,-0.915058840243253,0.915458822679063,-0.449069823243735,-0.292524299204276,0.300453224638167,0.580949796358980,-0.918263850541685,-0.617507848995378,1.087069209322283,-1.060751532785250,-0.015736984252318,0.162672131579684,0.613417980017355,1.299598437839545,-0.612915938704341,1.169941806730289,-0.000448192153147,0.475484263603029,0.890936287103933,-1.291145396845171,-0.771236742733373,0.003875345227373,-0.412902040929474,-0.159899560543905,0.152496188944638,0.204517348804292,0.495511196537314,0.155311787831967,-0.182154683895495,0.498805800529445,-0.515373401249842,-0.003401049564061,-0.001279036391057,-0.493851406224349,-0.182685579204550,0.153884305925175,0.471710724207405,0.358752450784249,0.153476468535796,-0.278631275742396,-0.293271008494367,0.518457724613841,-0.514850559034058,-0.160360476092083,-0.047409145169755,0.465899385650172,0.223631283779938,0.178117011383341,-0.490634996635886,0.371561917940782,-0.075531781239721,-0.422314989167881,-0.166846598127573,-0.195139073350585,1003.395280500000013
32,-1.198662448581342,-1.293739811817269,0.497421259415001,1.292340606160725,-0.294167201057267,0.296528288467345,-1.076160353473450,1.072992782430851,0.294272241199632,-0.606235550727093,-0.935821581876887,0.608041090739486,0.606819030808824,0.076320806898288,0.360354950946423,-0.908590609850041,-0.499105959509302,0.656502180621623,0.939418601715594,-0.358916088830586,-0.206681153290204,-0.076937926192907,-0.609279655883006,-0.297304654582963,0.908120365399129,-0.001097989686134,0.800701881786341,-0.803345876374684,-0.653510951805492,0.206616026159593,0.001194667296287,1.201507570608518,0.199564261232126,-0.071114915893782,0.481530243997782,0.074857917767891,0.156678240713456,0.164670884597644,-0.281609188799460,0.282385768919806,-0.163512732979560,0.149793070399748,0.345522304021423,0.156374456850046,-0.150436785171315,-0.510769590165010,-0.493983256067949,-0.000638093693081,-0.482871908263257,-0.454467724801213,-0.344517810437074,0.491642809518551,-0.508437311751136,0.513249892017005,-0.156265661686074,-0.170338734212966,0.000152626969950,-0.166379951007742,0.408885587164993,-0.407835477262240,0.455526356549573,0.507153612256694,0.172772839544467,-0.197397709354614,-0.196228157860834,1003.510797400000001
33,0.940580015128797,1.215684085766768,-1.101040660026956,0.955861814083105,-0.636654557961991,-0.313837594353514,0.019769283165521,-0.819569419618822,-0.204432549293141,0.151387671103119,-0.321607539074610,0.357927460679971,0.397061547450777,0.635409068956090,-1.180971659063671,1.061874902079481,0.650762148357164,-0.686757331860575,-0.511878048052936,-0.942698836323825,0.299423786624713,0.010598702240500,0.190731300460056,-0.915608559253977,-1.305371528039780,-0.605285407196097,-0.394249851317315,0.471572917286974,0.681156273218150,-0.147883385689402,-0.024805502431031,1.291621155548379,0.780740257135339,-0.012811929652405,0.189172300253205,-0.279484618743941,0.352635973282821,-0.163337801339206,0.516822252356965,0.544878656406520,-0.409338230000666,-0.535556870455390,-0.541233249990280,-0.190248343010620,0.511929083845995,0.071492393450814,-0.165995121744481,0.218361552641915,-0.298887614735565,0.458301942239672,0.159173573557154,-0.483822143351612,-0.016082367258953,-0.223267529560012,-0.002323024322328,0.266674794782170,0.374331369319546,-0.046220351974800,0.464287852606011,0.114828126600729,-0.494295684654673,0.163354982023548,0.260235301627238,-0.289052511071054,-0.088542587614694,-0.424095759130421,-0.197537299257389,1000.754976899999974
34,-0.286336452372799,-0.742815374527103,-0.614798423098567,-0.988027744165768,-0.399709052013256,0.399404334939260,0.070229392803938,-1.294796534437137,0.474279584373808,-1.222012265829280,0.157294658299437,1.221193542786047,0.614677673465518,-0.159254745053692,-0.244839387892177,-0.934916408850450,1.060121682086737,-0.698450675447222,-0.083930646999191,0.084147326110008,-0.756698684234261,0.987849145534423,-0.069381829080537,0.755043565499921,-1.059367251679104,0.744222591943864,0.934783419232192,1.295278084371805,0.440601345796254,-0.439202376471063,0.698953938121502,0.246140676850713,-0.475555303310539,0.286249801291702,-0.533638015609568,0.445533017273412,-0.478638367636298,-0.024607696702840,-0.225248972207475,0.225438130403444,-0.555512803867474,0.094400981888669,-0.105786238572843,-0.200965380736315,-0.009187052038640,0.201482732002397,0.478579812905552,0.007806687263355,0.303747155733415,-0.374507086977967,-0.311664692212400,-0.167358902005266,-0.289042798287706,0.287864939073225,0.165738755397628,0.023422370796541,0.555411936058530,-0.165931672989112,0.312175518511573,-0.445240388228173,0.374519602645408,-0.093399731321989,-0.510424755880749,0.510750755913594,0.167415490588220,-0.304552712659701,0.108083944870531,0.533537248624792,-0.198538211965669,1000.630058999999960
35,-0.012475331102668,0.918826487825268,0.330315388305599,-0.997697728827900,1.313652367691752,-0.972405770632360,-1.043919593478674,-0.247359764202462,0.680944994637201,-0.724424406629459,0.855293158431879,0.560903675700499,-1.244296891706381,0.154563069628913,0.441777117611412,-0.478166134869305,-1.286834175509798,-0.733597474551818,0.256761711279630,-0.755432909145050,-0.158572516358695,-0.434513867745695,0.722119857650131,0.395238859434668,0.969770941799869,-0.086647344412974,0.173585522355503,1.179460606732023,1.126999477601099,0.616011811936089,0.078714322063426,-0.438900080626457,-0.141001269042737,-0.663158526869144,-0.352198910834095,-0.553980136408987,-0.380421423003885,-0.526344802601400,-0.013324044516916,0.030439035521775,-0.358555591117104,0.322709829764385,0.298345779723754,0.151489753201329,-0.160614746749000,0.399226108690782,0.483032229498795,-0.178289453127187,0.005000892791037,-0.140191070388237,0.114988839593088,0.116466006029676,0.447938800927873,0.534082496525780,0.167548339188170,0.010959605430425,-0.204897222836194,-0.159699199246542,0.209976187409466,0.014069819181661,0.554730433839411,-0.288863100177639,-0.226121040033644,0.268688328485147,-0.463883071917748,0.291599692397978,0.510264871528842,-0.283027726852908,-0.466073061754381,-0.524323799570092,-0.199882346951684,1003.631325999999945
36,0.714689190099867,-0.043225713890611,-0.420872433101424,0.798059739098203,-0.469085371003792,-0.820707924157186,-0.689423859064298,0.510812426631797,0.210123263712826,0.368715317075725,0.690318654529505,0.432774395098955,-1.086376416127819,-0.104040836790899,-0.724792458914769,-0.284125899869717,-0.968178491338229,0.154565379975255,0.283696813922690,0.730174085616616,-0.527154014516939,-1.229679074796450,-0.216868832243246,-0.699010892628010,-0.152897854248023,0.972001729097386,1.005354495478172,-1.299779391404480,-0.986571523485804,-0.368819392863425,0.042302638160083,0.106875070855036,1.289232916723931,1.247082677641724,1.063490744727016,0.471033304245120,-0.448981527987422,-0.283013526658749,0.511849327842817,0.422271194049966,0.052225401666969,-0.416932680216179,-0.166366107832788,0.494016129177237,0.535199614106947,0.236740871932162,0.159319349604960,-0.511421425708978,-0.290746261235969,0.545116465090301,0.166746061614653,0.272209075506286,-0.011449471517756,-0.004333141482715,-0.280861133092266,-0.170200925704279,-0.494403052700270,0.182668605784995,-0.538198898625506,0.449871947670884,-0.004131046784606,0.009480059597677,-0.336674933393847,-0.084425834917629,0.344528527888334,-0.246665608645846,0.274410450367956,-0.548022824778663,0.109153755962137,-0.164987516946487,0.302865037437295,-0.060793045376405,-0.201118452864787,1000.145964199999980
37,1.299914571634372,0.735488219365674,-0.700616713692458,0.993425227183607,0.842884528420584,-1.120880086640388,-0.425057092119477,0.567456641662586,1.238016791670274,-0.149087944805778,-0.692300156581736,0.214115977036987,-0.096383812588498,0.460794923920846,-1.212252393374835,-0.116942289569420,0.736500478144573,-0.300728535705018,-0.868071282058427,0.161608991933101,-0.589369434528059,-0.726066138385222,0.462876496608024,-0.971462902318205,0.185462813846822,0.056778231608189,0.676001049124321,0.307413923016904,-0.466689450441288,-1.311191463748388,0.384740123016405,-0.401072265291255,1.094892811922879,-0.269565433389557,0.970606366116943,0.000414295345523,-0.972365288073086,0.086263778701466,-0.438375380985934,0.155357781846557,-0.334873279011169,0.414720039644950,0.269356677707727,-0.508950274614667,0.454157342615622,-0.180190874084667,-0.008879454556272,-0.450107615085111,0.272887943654501,0.268443290444766,0.114160584456502,-0.200051292487994,-0.544878734571677,0.150169819351447,0.526257854551913,0.396002865963526,-0.007240486221825,0.477570839679464,-0.165312847201024,-0.496361894551672,0.007745743420249,-0.534637975444869,-0.274871252868239,-0.150593879390695,0.532999329654992,-0.074499021416724,0.055294856638320,-0.211132988688186,0.224342029089548,0.278525785754000,-0.277321268865916,-0.021047771204845,0.545899396699903,-0.352058354021315,-0.202182672294615,1004.169865200000004
38,-0.317717742364805,0.318528173533057,-1.231287869279647,-0.433972600627332,0.978039918583671,1.127687442728724,0.309344857199352,0.472860827941142,-0.980352890839210,-0.994016810508399,-1.307684075095399,0.719536035960771,1.312929704904548,-0.590684120895757,-0.472596881567041,0.605818708641730,0.881555265541510,-0.720463421643086,0.140245440635694,1.217691987128878,-0.155319775593073,-1.112377635017751,0.438312216413133,0.000107748997836,-0.142254800413799,0.146889226731720,0.732932775909213,0.706434644640413,0.155083955258535,-0.456146683026406,0.980271072829312,-0.156457308439145,0.437767276160917,-0.724775131049204,0.005563560581254,-0.296667063468907,-0.865079823847338,-0.730447601327193,0.271623408567215,0.269017961084833,0.187099895256553,-0.236425198064128,0.349282788258898,-0.264121963380248,-0.532488242548805,0.042800035848285,0.005413921518655,0.340486033056346,-0.072422761218944,0.170308865679165,-0.054854447987567,-0.482505846178004,0.045591947522531,-0.479958758471015,-0.394069008448540,0.170319633678688,0.542123042161999,0.199945518031330,0.009824383806428,-0.273436712977336,0.511630320738832,0.272710692386950,-0.269785587109884,-0.270913277994634,-0.149366696450832,0.449430927896822,0.008960919808137,0.506951217595757,0.006624876644350,0.542576000835181,-0.238963316892045,0.446506506094861,-0.548533196445287,-0.532508024648469,-0.399968755711424,-0.147727394553173,-0.203334055904815,1004.740806799999973
39,0.147187914738238,0.835370012199415,0.571477979038442,-0.516732388227856,-0.143832679713632,1.087610163683519,-0.749875913707204,-0.613638343286452,-0.991085393802830,-0.209897387463810,0.445130417766808,0.268948068849431,0.750190829658016,-0.376166293308136,-0.745962717347989,0.709614060276665,0.443639415580532,1.023415623951744,0.232873587438577,-0.026934565943760,-0.889563857934392,0.089517449020382,-0.982391917097285,0.147962878076503,-0.065313035517239,0.790733129629635,-0.141814581159232,-0.705933137961864,-0.322839342302531,0.395699344789568,1.251091641215112,-1.134698185473501,-0.434755445023448,-1.316128531167302,-1.218533632808658,1.302150192325633,1.004386504392738,0.534522110539496,-0.437810125049750,0.546007558486618,-0.401701298191262,-0.496330152454619,0.027536300997274,0.541636784291820,-0.300275630257889,0.171563669897401,-0.480041936660701,0.000677037498896,0.002837362249710,0.518359140146037,-0.538687850090045,0.452597270534687,0.263439154484403,-0.161172103658104,-0.136754158594452,-0.258702314208657,0.332768356425309,0.271505058267476,-0.547606437759474,-0.396283913571636,0.004120924833885,0.354446112712961,-0.270710875914687,0.269229827503343,0.140962874756671,-0.274617770816180,0.449969624937315,-0.531128190865804,0.003680887127527,0.168183926580584,-0.263419076468032,0.519352942732420,-0.051363510791489,0.200331948059146,-0.096643095824303,-0.028772342292790,0.238942844989133,-0.247148754180370,-0.204401466817074,1002.172635799999966
40,-0.278020825653356,-0.009308117470118,0.889805513453943,0.308941556811006,-1.307688060261682,0.441072007572586,-1.105759122297525,0.769400027380317,0.440276015173089,0.435629233509464,-0.284269974925259,-0.568579544103614,1.136721766038575,0.716893719160155,0.141533952261661,-1.248344300708297,-1.015176936092992,0.266969988712853,-0.788707452699391,-0.783831634164795,-0.469353013961218,-0.419010222032423,-0.719469815958619,1.001945902227679,-0.149348531909316,0.993373315034461,-0.573037059563454,-1.012232732684336,-0.845345539533081,0.554115829766711,0.768007270326334,1.317909243368830,0.609247975886995,0.013267169102075,-0.127767766756852,0.135479193913024,1.225850682059389,0.153646903055173,-0.448427595675744,-0.163037308988342,-0.537109176255243,-0.001479440866451,-0.403487343637240,-0.537641680549890,-0.087631159987583,0.255108308338580,-0.287869038158459,0.173848107668357,-0.269335617689532,0.519434944037225,0.005034867527969,-0.494260716224898,-0.264723629890620,0.454801867057277,-0.282324136981972,0.178455307002151,0.003746866360809,-0.005328725376492,0.184560177404132,-0.167185763710524,0.264882336680772,0.525470435486902,0.462174744176597,0.000941117370038,-0.276366198302488,0.352254466448349,0.001591440024613,0.349653037997712,-0.420017666443491,-0.004661671423928,-0.172859516638280,-0.054835219912760,-0.486153012661224,-0.549808583510544,0.546343712754004,0.268783870612679,0.196624042216710,0.541807604879801,-0.256280251938470,0.277617536689596,-0.205446438511243,1004.508675300000050
41,0.173452244813962,-0.156814038486335,1.143547708520210,0.788374430520755,-0.436316495331426,0.706172897145617,-0.542148875054198,1.320383001923982,-1.024360190298229,0.483151347707453,-0.991855663818958,0.408279524400559,0.121876266793307,-0.339025692863760,0.200702488778546,-0.858624875064076,0.623800268756754,0.330792651720425,-0.544675364643799,0.794007264296425,0.576565235564852,0.474471810957960,-0.425720295965408,-1.247677246122858,0.898219292039397,0.990979581339733,-0.713821767134592,-0.861225535027363,0.044790695605778,-1.311943171429012,-0.254210231394668,-0.069142690849789,-0.750889894410223,-0.121958537225515,-0.618636713109058,-0.242803284355311,1.016951582316807,-1.124458443850777,0.295342701369676,0.021170848537430,1.227375387713737,0.279515098204816,0.544365480455946,-0.262705118352733,0.182088025202489,0.521611723628036,0.465620434940624,-0.512570703632920,-0.052619414573820,0.055337813667838,-0.258902861577031,0.359897857454180,0.528434388129689,0.547300033830563,-0.265365686048051,-0.270719626018971,-0.131070454368058,-0.485385147082468,-0.535026824194485,0.009208470858467,-0.163220474258061,0.006609816173537,0.270348347443738,0.261703467860289,0.190978824703586,-0.401650781162414,0.361494554355031,0.458547882672596,-0.423434890800675,-0.550399637423477,-0.075774684439560,0.011184801478089,-0.275067663441480,0.186334492419118,0.277812536682906,-0.255126337177146,-0.542521133951048,0.008167098857298,-0.277941944898065,0.011336229049672,0.010426409808270,0.201197235680311,-0.206347344298306,1005.101570499999980
42,-0.099028424870262,-0.704565662260436,0.518486590453346,0.004296693612561,0.255654411403141,-0.263062818610406,0.223609055275601,1.011343365740033,-0.944715629703558,-0.678810330870444,1.313807631719582,-0.385554778275443,0.847779138104543,-1.179057051975315,-0.409684565023145,-0.972460149494195,1.109421574310144,0.847890197918708,0.152083049608539,-0.787000692323822,0.799930833185221,-1.327862120105096,-0.497339272745913,0.605563535088980,0.526718058162075,0.006613005003261,-0.521637650490842,-1.021062473013225,-0.543430536427020,0.322892756233671,0.740931899224918,1.047677799841497,-0.246969153576158,-0.796535051465810,-0.115230962896862,0.549532759658780,1.254466845137511,0.448568382381232,-0.221021162524263,0.268846413571778,-1.204464660729830,0.057379646550704,0.560433633340006,-0.467230201663704,0.518333032811256,-0.226900848090050,-0.294700577287674,-0.011866353536370,0.554921812019906,-0.350369344118479,0.380041016746700,0.472334292843163,0.090604051954859,0.529356058543969,0.140594232128343,0.240324840915824,-0.532678867779692,-0.365875498131361,0.293962085234489,0.430989177815732,-0.549753953726560,0.160228923826635,-0.161723786488933,0.016684688104369,0.268539852229914,0.277784130146868,-0.254775631063746,0.059984797040837,-0.261348102169230,0.001218851529309,0.006864902633880,0.263460627168972,-0.455896102799481,-0.021589548414456,-0.295120529184910,-0.154557037016127,-0.545177273043389,0.015535541366487,-0.182935207623174,-0.527649152009276,0.273990442438452,-0.011798131462347,-0.222085330335025,0.339068722295607,-0.207286315108131,1004.695830399999977
43,-1.059331769256553,0.262515780591486,0.562574527623855,-0.816487518273250,-0.586123145209491,-0.240303299265246,0.600586175278608,0.816497299223917,-1.276080719940145,1.292218665551303,1.080509186565575,0.025166045905661,-0.052774102631528,-0.034101594215159,-0.494141055177954,1.289323004234448,-0.848990287724378,0.058898692380298,-0.796488532335112,-0.602488988152125,-0.321596184057867,-0.210485265508646,-0.817015814484192,1.063732854686873,0.537230684494981,0.502744312498090,-1.102288831698595,-0.527909985390387,-0.260659860391522,-0.308630083618191,0.840783901307711,0.820273777721959,0.217053351655434,-1.303201082988993,0.001778529926461,0.290403736533004,-0.520710459883450,1.050778311469010,-1.034874138036655,0.242184101246360,0.527293671356130,0.325405646684349,0.801703114365643,0.324013436704799,0.535792699340709,0.252515220084298,-0.167095766143526,-0.495622437778604,0.263420061572690,-0.247205173388204,0.429940475837351,0.152413096479951,-0.129607966325897,-0.310720468538453,0.266044199163064,-0.009011975930634,-0.552441812233063,-0.259068873341416,0.140830854871506,-0.421811028945349,-0.283330423780039,0.438905630332968,-0.012478658261997,-0.006779570867973,-0.276986353726433,0.168150333981792,0.318764841451352,0.511015854626890,-0.004592411730161,-0.296745051629885,0.506072273192928,0.536915426474999,-0.536484616005551,-0.146050568073956,-0.438082861839016,-0.009969002197069,-0.109749997309355,0.546605400999317,0.257431769994013,0.245785094101152,0.018415131185602,0.001973598809382,-0.545351013537342,-0.512227721347738,-0.274717326610855,0.135794578448945,-0.208312821460902,1004.373962499999948
44,0.399623118143180,0.436588810506568,1.238910964638579,0.533613793744898,1.015781145577698,0.740692715994641,1.157591401319003,-0.129599717690680,-0.981178256443301,0.670266669714278,-0.001249437294942,-0.949487912541902,-1.042198428566928,1.325350545127667,-0.861000237532636,0.020092974477230,-0.717419574332033,-0.151546521419008,0.830616659091281,0.156147747756726,-0.376683552206042,0.260903376466954,1.035208583259336,0.608900027231005,-1.332575541087992,-0.456706552529706,0.924860795324300,-1.187143064788748,0.347599123957066,-0.776410916549392,0.125682129441962,-0.433310010579235,0.813671092339774,0.274186843938955,-0.176705748440005,-0.612593757154872,-0.285405936578454,-1.209153861027410,-0.170464693098381,-0.432928555952695,-0.557914953783615,0.093366194651219,0.544907854616040,-0.714202825597114,-0.524443297531454,0.533238347119024,0.193594851233623,-0.246528291668212,0.354703688228176,0.466325546439783,-0.258135207312882,0.559826150244264,-0.373377752364469,-0.475105127561982,-0.329973631609488,0.363003411133891,0.032678179927627,-0.050829622217912,-0.149939843921782,0.311014804536423,-0.452439045705607,0.102810603296242,0.179511528741553,0.552413254844939,-0.300591006266817,-0.273320849302274,-0.001301034336580,0.022931578538949,0.012933500622422,-0.529541844400751,-0.389665990344962,0.248600449120297,0.004456217151780,0.121189440644645,-0.560007467352836,0.531951089746951,-0.153840335483122,0.269897829651903,-0.154555842690429,-0.173007444140270,0.321077072586983,-0.219157382315246,-0.550380566837816,0.017737122001434,0.248704040351546,-0.015845877725464,0.287300054457354,0.466876150757736,-0.209017849371020,1000.881146899999976
45,-0.766327287115652,1.300656520251435,0.614588770316927,-0.834518112760532,-0.662706920143539,-0.278082365333826,-1.322398313607018,-0.535237179225416,0.250666440406644,-0.146250452876714,0.631343916048474,1.287424857654667,-0.212672029156907,-0.918848185853750,-1.151334103283834,-1.253334158196726,-0.834592404992014,0.310760315520359,0.355735739527504,-0.011804350843631,-0.398947184416063,0.830607773447035,0.574645539607020,-0.485785840211831,0.365586438379940,0.828809992774650,-0.378761733257673,0.834295238402030,-0.549751020654445,-0.007268444415858,-1.034562974898138,1.040309497802580,0.528812970722352,0.050937871548458,-0.130066143524139,0.116713229724749,0.252391286414646,1.104816318950419,-0.264379890021491,1.086142350141539,0.524560501256201,0.865254538542584,0.101956179137503,-0.639966287103576,-1.040596280368026,0.454313288392247,-0.116982855042186,-0.486423248656342,0.181538957873395,-0.478463306577989,0.283335989845165,-0.066139796762980,-0.254081040792609,-0.270511539784194,-0.541802824798686,0.003114970463217,0.137074397029677,0.548269536022202,-0.399254170889978,-0.263195245703957,0.183332656635369,-0.165595089024767,0.536135162877756,-0.529279234769764,0.286975075979577,-0.523673604138625,0.173143835233640,0.500983956809694,0.521388573426826,0.002620661050964,-0.165286722613672,0.007716988261594,0.429859431756667,0.265658464828879,-0.266349371490749,0.345558794316415,0.002459832703419,0.253494988101112,0.552122727348502,0.016445412099263,0.009529286008901,0.278346358534285,-0.294029123225612,-0.258828233383655,0.309974768750818,-0.247196136480732,-0.416860059790797,-0.543027229017701,0.002528085145357,0.008074186910998,-0.210147937491408,1007.902271199999973
46,1.331394456132102,0.831088286995214,0.501206318253805,-0.605885449810105,1.050288327943041,-0.051320963592454,-0.341725272381033,-0.597227122377883,-0.056427992078455,-1.092105743493946,0.232938746382738,0.781530743823085,-1.293993547312516,-0.326195597007730,0.079191573524244,-0.854695687937572,0.034755004832640,0.827434467937620,-0.649609269843154,1.240912603234499,0.555064242648434,1.025971730271166,-0.869434995306638,-0.394285291486747,-0.581517411854478,0.331859774876992,-0.511571816762002,-1.300560736204922,-1.050990163937295,-0.154236888122394,-0.873178831525188,-0.794836480047144,-0.149741478467878,0.592939868471293,0.952263967929763,-1.103922074993326,0.587336218003693,-0.334398835913202,0.445807374988862,0.332125212862622,0.089083352283300,1.170530427405855,0.285111520127597,0.710516540339937,-0.193061003148310,0.194073508645699,-0.045624061644078,0.148034309636332,0.518013674440335,0.498023873992932,0.003118861211301,-0.566153106694181,-0.536108524826443,-0.497629745912316,0.564718762975635,0.308739451997867,0.552135061304991,0.452891198778840,-0.126693957845409,0.096392231727193,0.332446861647033,0.417149510475107,0.084443097353527,-0.134692137255832,-0.244826207791146,0.195664726478244,0.009427310210227,0.341583424999660,-0.420024886587293,-0.229193624749050,0.009471919362338,-0.267186410953241,0.278172095612543,0.128908654308669,0.040836804144555,-0.077505895099017,-0.122268708895928,0.166984163882449,-0.342351384754194,0.263840811066780,-0.372872052478378,-0.294550140556419,-0.244287554179086,0.540761817910294,-0.522805584261758,0.269674655580405,-0.228366042153945,-0.251632980307434,0.003120339723346,-0.470322628506476,0.314981503184759,-0.529291253387530,-0.210850714548619,1002.726191299999982
47,-0.212151926403772,-0.507639926092928,-1.036529262719704,0.188430001720743,1.285167610581635,0.700742286433830,1.048967431469526,-0.057825761298136,0.319373622684174,0.515135104252165,0.231002289835800,-0.982253339231844,-1.224624303957025,-0.299157280465843,0.449425989157582,0.909412531664286,0.427880140906799,-1.201724041744717,-0.641022717705699,-0.156824855058427,-0.485050750130135,-0.811553207957472,-0.296215390006441,0.849626805828168,-0.549983829182487,-0.021023153835924,-0.394888812281801,-1.028058498946990,-0.565272430105290,1.313122001796939,-0.775545110427581,-0.744665004919247,0.039393461390536,0.620035566703882,1.133495845294296,0.205347596801554,0.825703997117971,1.078959058782500,0.839867598688161,-0.854680162517061,0.616351181505890,-1.334563021936886,-0.044630067044474,-0.264085102721106,0.080400717576485,0.517593780144554,0.287068123528578,-0.279514660349623,-0.509217471791403,-0.043659180406251,0.544755257185023,0.150013552607627,-0.059558599088184,0.024017718770120,0.546273150751035,0.275812894386673,-0.527720039681635,-0.556080959647170,-0.360796105313349,0.201062997054414,0.534547625150908,0.535805616322966,-0.196090110605847,-0.122808925088966,-0.234065589699670,0.239123381089259,0.262321856954530,-0.253458120353013,0.439268253325304,-0.019370478069372,-0.442274847712611,0.506790127566781,-0.543909572561084,0.250193467184132,0.325821915044725,-0.015166522231619,-0.096252898197096,-0.177132100821348,-0.448504811483404,-0.263293328871454,-0.322574244082503,-0.288844557442785,0.000371445765145,0.167344547530088,0.318346816269562,0.441271380344041,0.104181692274974,0.382901460278849,-0.011136386931800,-0.001864851884158,-0.534954509595565,0.270993199903690,0.128342639473155,-0.321269413972668,-0.211367189022648,1001.038682399999971
48,-1.040577390363667,-0.460738381909365,-0.489499532916245,-0.640404461846580,0.663210692132773,1.176259089182936,0.439118991534424,-0.933813177917617,-1.320679772010109,-1.083593674165558,-1.153024180736909,0.949044993864896,0.002514351646488,-0.434423699782971,-1.277454717035719,0.702926780103646,-0.565798655043419,0.149358491420650,0.857539011149078,-0.117941553818790,1.333553723140834,1.067332276537947,-0.864941490967567,0.164712426022933,0.797698363576073,-0.159678450252177,-0.691707524751101,0.864680253611106,0.556970960350194,-0.362045899519108,-0.107597190536350,0.301775812092205,0.353390776574681,1.246078380745921,-0.834117057101742,0.037786212961129,0.551447900151039,-0.839180629082340,-0.306080018707428,0.298901906464574,1.036149094179052,-0.645455011963645,0.413070957441232,0.604729072821027,-0.257526764846578,0.162968946773725,-0.202833383338664,0.053944383149746,-0.001396549661712,0.531910644522356,0.200312858766703,-0.001182812441280,-0.022508142273597,-0.253327893784794,-0.536161763936828,-0.391413714873210,-0.079072209695277,0.304012935113839,-0.261371041276206,-0.391149126374917,-0.375086909097766,-0.532293463986643,0.156818012903428,-0.469402046883926,-0.250397289499669,-0.569994245040035,-0.173496447896835,0.100005713938099,-0.047448137718124,-0.002825130683044,0.433474549998851,0.109553705087192,0.438408203906065,-0.564962076520764,-0.470361098467901,0.151103879682461,-0.261699004304878,-0.034033534481846,-0.146780441770840,-0.330185855577181,0.278919008153899,0.198356082646227,0.159109435296752,0.323369591567866,0.508112225455331,-0.163800777753366,-0.311664713148592,0.533562871082650,0.345455201157073,0.398735278907649,-0.011126930791911,0.239644840303157,0.303883927948862,-0.129150496942558,0.547549378818696,0.563083034298179,-0.212412634019696,1001.638984800000003
49,-0.630537193017402,-1.030998197535171,-0.986685046640664,-0.728803612695811,0.401395171132428,-1.338910526419525,-0.136934309784826,0.145065692108081,-1.231585464070039,-0.194432917199472,-1.202146932416807,0.825771118448958,1.297133326016570,-0.280861700948347,-1.058586030535092,0.889910218549000,0.315237569033296,0.290161925932634,-0.325899241271917,-0.527150304398324,1.100074771748899,0.482825890120081,1.056515263193053,0.229988653024676,0.893136254293704,0.666026105765991,-0.887708987334662,1.133067590032687,-0.845418211133510,-0.676556343114658,0.132041579184739,0.144645934228801,-0.386842934980652,-0.022959937229786,-0.473187455976679,0.052850454687476,-0.427048302746987,-0.574965652662191,0.901537083597956,0.672320285624762,1.307694688730466,-0.029450915826269,-0.785356591189589,0.674237521147860,0.450819979885373,-0.115566568639332,-0.207787276975661,0.462844934383519,0.579814698449315,0.245156851301490,0.352391208118948,-0.378327264174759,-0.466383995323989,0.283009369819646,-0.017043427497992,-0.160496169397826,0.299467213125930,0.202605025903353,-0.568929274914868,-0.234003611579841,0.144422977223404,0.136323754661065,0.543298397498782,-0.022170852974930,0.416332048636154,0.029319352830862,-0.385388526218519,-0.318025793372022,0.512407861640731,0.295459228648213,0.528430689774192,0.024559017434368,0.548989787635303,-0.419666382856143,-0.430159318814214,0.152751013085517,-0.286561954497555,-0.186227060888938,-0.003509633271104,-0.577224403648401,-0.181819218176111,0.270856439931534,0.560667525896402,-0.528154654440098,0.061962026000660,-0.027843303810156,-0.251293931649995,-0.159108848075898,0.404685944592790,-0.100770151837886,-0.393688423232427,0.455913366731514,-0.129312312715385,-0.188908561813395,0.323201608300139,0.080152854460937,-0.535428996967974,0.109648584935648,-0.213081861872144,1002.776558600000044
50,1.244169637089010,0.735637687580948,0.169247075284300,-1.124165490981025,0.710680047251522,-0.629916188238338,1.040146326765681,-1.101726092599280,-0.592628656735449,0.975787284131535,-1.320847456131281,-0.411123488182641,1.332661236294604,-0.439716098047157,-0.001924711652536,-0.062995553360091,0.455111605186812,0.479473031842528,-0.126461464463528,-0.148814163439096,1.012819418046386,0.262618072207191,0.201374996624091,0.727246194026356,-0.191967359170502,0.476104121912743,-0.877339295138899,-1.291189603234713,-0.681064736948996,-0.883106357142293,-0.880373216097050,0.747365702282937,0.489272674282370,-0.892933709667414,0.147488583585997,0.807678866820442,1.213233738370185,0.263230605515105,-1.089592508126533,-0.650721218186645,-0.332450004876031,0.312838111874615,0.551193286032594,-0.643460296438038,-0.012434929541935,-0.259769324613769,-0.428205250555166,-0.333583766719827,0.060219591822015,0.978568423404998,0.208197249357876,-0.000016069708765,-0.137605044574779,0.293725214516903,-0.477625009300950,0.042483209117925,0.083864886192691,-0.304877148598581,0.515662220186493,-0.139091686282188,0.110772651534700,-0.542204298234759,-0.022356607441063,0.260764028156158,0.068353969466440,0.570148738472735,-0.534141928956684,-0.007058040956049,-0.162709033515662,-0.563798452050210,0.363916239217391,-0.364720663977455,0.565327483707690,-0.242475468805889,0.325376246888783,-0.250547670507730,-0.138858475083190,-0.147640961253782,0.297108644545081,0.141147848469795,-0.419608132268708,0.471572506084803,0.527309754750704,0.422986460968884,-0.578414163586648,0.225747055061109,-0.227789868870218,0.094896740746185,0.007645230183008,-0.219316437833523,0.544464825718353,0.337627652648636,0.254695903514253,-0.467093028024841,-0.364866257144055,0.072768205085617,-0.100284783116227,-0.323263722818410,0.324589511110413,-0.387707412742744,-0.213949915526503,1008.299135299999989
51,-0.925555534821403,-0.358518011692122,-0.649364213926081,-0.197815359801268,-1.149633439032050,-0.125661492399083,-0.909659319177318,0.090216583189204,-1.096457188554704,0.648037088477485,0.432498019617367,0.054828932162879,1.330177754707465,-0.340845241732046,-1.319375029200397,0.550097553486624,-0.415762365698086,0.402213513715984,-0.710560007731803,-0.448935691033271,0.763800240866771,0.306416401726449,1.002034202576245,-0.271308261160766,0.241308452559845,-0.467250606318633,0.390151769338581,0.149553743382044,-0.101136485281148,1.264799530198829,0.954825741803953,0.158350935145945,1.193349305443668,1.093625957974748,0.571701692998297,-0.882582057627197,-1.291883666943401,0.983952397361422,0.540072596064791,-0.613872518581016,-0.001300630193702,-0.061514437666994,0.759170731776748,0.724575750333595,-0.846307777650914,-0.690022569936481,0.863017200374422,0.258757482180085,-0.179684368007289,-1.075207004972387,-0.588884633611415,-0.399725881133710,0.289276900867610,-0.223704092414405,-0.558496884379060,-0.275926412383459,-0.332244561871867,-0.153015250069359,0.129677349809155,0.319687227522025,0.495869278076475,-0.292243779429888,-0.559513549239882,-0.053239110280371,0.536114306226915,-0.096276184747684,-0.501486670801072,-0.295247559706755,0.528052263931209,0.014913973862673,-0.533076073340839,-0.434559153938614,-0.545971734747367,-0.086781302590245,-0.107673696759109,0.330915218665953,0.031345861205530,0.131928572009375,0.560888916733913,0.566659043615075,0.154574008213048,0.133618415487708,-0.321774431840990,-0.237316653942231,0.321216566117709,0.280761551988039,0.189379814199941,0.149854604702839,-0.364855878129028,-0.081349921116862,0.268313452455123,-0.111792057521436,0.335826092474465,-0.186808660074872,0.092019941819021,0.437846469794249,-0.473345279296161,0.397904112471122,-0.076565970831338,0.116197577990869,0.025488787316987,0.509026067733875,-0.214786035133652,1007.898362199999951
52,-0.203287904535840,-1.274667614060632,0.331732348046719,0.059773603959807,-0.989708462276457,-0.634854100677727,0.855107859320308,0.182181015747487,-0.387380840227871,-1.185572328567176,-0.658181313855042,0.419377300762511,0.929495056140402,-0.880094182131617,-0.531586394521505,-1.330945203086342,1.138967478107709,0.332212041270965,-0.428280034134681,0.066509502485303,0.473630069232264,-0.159881025531266,0.654907272086634,1.301940408624456,0.221709680470781,0.905497329993532,0.155978777413863,1.075898124176837,0.711647445977066,0.385557228707873,1.318123822679554,0.907546719496156,0.600778058413553,0.653902354900237,-0.085035183490636,0.109178587594480,-0.664904201576902,-0.426052531800320,1.123034191785665,-0.584595666373614,-0.769686007148654,0.457191133977619,-0.336811914446089,-0.044489925903533,-1.062952777594753,-0.887546313211853,-1.082505868317325,-0.836305577542192,0.689438735950839,-0.193657797483274,-0.305182067000597,-0.104787351658570,-0.558939734985350,-0.170551973953046,0.319025453323139,-0.569233015802318,0.360744116671469,-0.000494838681562,0.153960964855928,-0.342779564083894,-0.017960900694500,0.241121211236233,-0.484913186003347,-0.137576904738895,0.387020076349775,-0.410589727651041,0.501978869345057,0.060290312612286,0.283458335063426,-0.560862289065050,-0.514932499384747,0.345509360592576,0.524325690604828,0.107462910317496,-0.504578640975164,-0.129390317417941,0.560080410602899,-0.135073518065708,-0.111279976170325,0.022405850699739,0.472000947626361,0.089849463692903,0.108612094651608,-0.411583263541977,0.253354535199031,0.002890295116298,-0.346726303130614,0.118838269515415,0.241000507271177,0.242936322693214,-0.290990875022841,-0.248255154217941,0.460535815743279,-0.368557107665299,-0.263016960189634,0.573304757645646,-0.022733389012331,0.128360279624802,-0.303272058359156,-0.155485373872742,-0.244530778624278,0.336922260483398,0.550239977566765,-0.115764912562352,-0.215730129254139,1008.059158499999967
53,1.003994580705467,1.024049515406841,-0.490722822803968,1.252768556690939,0.513516294468980,-0.182747016404975,-0.662686322668000,0.139556436295240,-0.372090438690043,-1.093239162680261,-0.108847677205048,-0.917542823468787,-1.070410321323837,0.019063581921370,-0.985694814206574,0.080537485651733,-0.749288900856793,0.137045644748814,-0.230563839164518,0.491378779203074,-0.130386973757671,1.337227085704724,0.823509183414102,0.764210889447434,1.041296035832393,0.357932830355873,-1.330082199985322,0.739984706604411,0.272926505685056,-0.864712356104793,0.590562709924429,-0.730447513275473,-0.266148743533721,0.807084028939820,-0.852310463018733,-1.188477958289124,-1.274904434583628,0.500667739104509,0.264709654311868,0.264610988447847,-0.000200786269202,-0.590854814661527,0.727940472917624,0.564455833915442,-0.256433386849764,-0.433419219263140,0.344239492180861,-0.405810243827663,0.008282558846091,1.224680626535544,-0.628430562085987,-0.506354846582423,1.015178536432570,0.376910768892362,-0.370606011325847,-0.531876964645356,-0.202307631381458,-0.523952331992464,0.125281248796051,0.272045925669897,0.355939489384713,-0.326885473663815,0.324263314911451,-0.329480935983662,0.169055021369985,-0.018192921813619,-0.566142052760689,-0.375798243863115,0.126016936882145,-0.469413390781862,-0.322232725476596,-0.558871425351738,0.506770514509931,0.347189037816662,0.017949837703953,-0.211726429523207,-0.465444497355567,-0.113319731292667,-0.279271686579558,-0.062159827934522,0.017789318283873,-0.551059242837257,-0.174426415562856,-0.268704836429720,0.026874849174498,0.565646956106004,0.254476107582751,0.437211863826235,-0.249672010291669,0.164869305415820,-0.024673432658489,-0.030051354879916,0.558294146190869,0.569211189662323,0.523379557785485,0.480067976750936,0.236688630580623,-0.104755028272382,0.154236853710451,0.239367412282849,0.390054021420842,-0.098841303400148,0.227962932040798,-0.268282572927973,-0.068735606306167,0.102866143936488,-0.216356840682509,1012.188079799999969
54,-0.616127593209436,0.822445060573163,-1.280860308142876,-0.888977765474777,-0.661907287378193,-0.193402670494616,-0.957464342906694,1.096866120357646,-0.528747140117337,0.049812108521097,0.585027870704124,0.651358343052041,1.020269326393642,-0.431066668043840,0.047431208060285,-1.185336969080074,0.256957976650603,-0.212981985323193,1.346562184324998,0.463737428944286,0.671923564849657,-0.438905132337578,0.348098166137158,0.425408743192736,-0.064487791841156,0.129756498285031,-0.201069602316951,-1.100549942503072,-0.469954154488639,-0.219277953131947,-0.850488069176248,0.802837379255360,1.249521184573535,-0.316493348190314,0.029712202174554,-0.124768773730279,-0.685565446131721,-1.074482645815126,-0.961987957258491,1.046458155109339,0.266783954651814,1.216262471193361,-0.757734881610364,0.548442522833976,-1.334680186970497,0.051725051013070,0.492778623834831,0.708954038115408,-0.705632640706883,0.308850839254613,0.889137779198335,0.208384280491911,-0.385716099867661,0.922006328612926,-0.501646837258034,0.447264839518632,-0.174854289083311,-0.153643357008691,-0.244415513133224,-0.126587214380051,0.134826879348474,0.022003884916875,0.236238266293855,-0.339977004574827,-0.513894668989264,0.300755046502262,-0.356015475773728,-0.263009120742959,-0.090672866141424,0.261614847948110,0.056694548276019,0.109445306430743,-0.026829853430034,-0.038093109594442,0.061057864606496,-0.006664947644449,-0.528175297309822,0.249374578870565,0.367466773128377,-0.562287354875668,-0.358471404415820,-0.033987095755536,0.526050091058962,0.564472913033636,-0.431749212080370,-0.432066943959307,0.206254712661756,0.320862935090897,0.151384132845836,-0.576291305235926,0.000734032784947,-0.326047895786046,0.399755629817199,0.346862101372074,-0.240339474413706,-0.223443119089603,0.245875939015967,0.521557631576689,0.070677362643785,0.577103763556483,-0.296595611248443,-0.193193334066463,0.479480114830366,0.547832060034432,0.156566939214528,0.340646657132058,-0.534600579921255,-0.125592474698374,-0.217160898582666,1012.837860299999988
55,-0.868293446673241,-0.156850030472088,0.110845800673230,-0.405517179299633,-1.342191352472795,-0.047101735568558,-0.641116329773408,1.268037647721781,-0.180389264392036,-0.550360902833376,-0.128121048897436,1.090459592268340,0.931041340815066,-1.089621517457004,1.081823707998857,-1.277734297883739,-0.008386338254333,0.525039018512256,1.343275879779178,0.442924579268169,-0.675683099771679,-0.310059055692210,-0.743466875985048,0.630728391317415,-0.872537747075199,0.690851254903567,0.367753949232090,-0.581028084531024,-0.559579677410834,0.891709811686535,-0.332832817769573,-1.101793125484435,0.621956804563774,0.290956551073571,0.260334086045193,0.115198497615091,-0.107617566365113,-1.006819986535908,0.743613772277975,0.364107048344155,-0.258317210688804,1.206250426256111,-0.896357368941387,0.556311026159536,0.056143788656666,1.001035800307851,0.202268403247606,0.412040887691570,-1.188864573655321,-0.403501734753334,0.776473396985933,0.142641003142801,-0.811039397701933,-0.434507090410085,0.862414282605846,-0.431259374655403,-0.568898824087784,-0.572521601326014,-0.546061537193053,0.063577601981527,-0.362397955767121,-0.487376536805284,-0.172669952637999,-0.133158422974473,0.358216800901028,0.575654627653642,-0.330668507095449,-0.155610280382668,-0.313422563727511,0.019937140352579,-0.175910802482018,0.329546571745436,-0.061350115945826,0.043194280567905,-0.310136840992011,-0.079947361042862,-0.330540885844762,0.485269817675354,0.237811512299063,-0.205899385646135,-0.255942252117737,-0.554661960374583,0.131167074339378,-0.273524325063509,0.181641599565696,0.188323358052018,-0.009927766597182,-0.504445754916399,-0.084022688014160,0.341914364756187,0.559972733603848,0.104976924347399,0.368363191718775,0.004231817526249,0.550421497700419,0.401861752780823,0.243014929147512,0.050559391796710,0.469481108641724,-0.119231630212045,0.373006097326340,-0.339030431213550,0.162678763111512,0.240891315026489,-0.058045877026383,0.462007024831754,0.124666844015212,0.252177469518998,0.556105409635179,-0.423494335608512,-0.217724431114892,1011.558396099999982
56,-0.385649097433492,0.589543507751003,-0.952620641920430,-0.328936097729380,0.221115629603386,0.501848826189284,-1.188542836797710,-1.140035258608815,-0.672483939970816,0.082676377497308,0.478087799166384,0.244048615630746,0.969350344139504,-0.474665099813513,-1.355519842922434,-0.592083777346315,-0.046734661832766,-0.155041694884220,0.365493426574319,-1.032920933378352,0.129249416031710,0.959979967230717,-0.776399516654409,0.626814034713866,1.322228114359216,-0.731587834383345,1.146546535565862,1.300899436374850,-0.215530302033493,-0.354231617734776,-1.257091213167836,0.931352168543831,-0.733356662942633,-0.027633053484878,-0.175874907795724,-0.815106265513423,-0.598522380572870,-0.500359157730445,0.234167598226122,0.083763699534166,-1.009123245651504,-0.104030181907031,0.339245969928097,1.067477785183087,0.734033900896230,0.476335158701660,-0.264143358768852,1.170336633531995,0.595583052552168,0.850473121775090,0.747722763524299,0.014535581123656,-0.935215181669250,0.770404480010137,-0.433884514510690,0.329528418030371,0.313786831437867,0.302961840347025,-0.404195518879454,-0.564517343923280,0.563415134849428,-0.540791540946247,-0.271083957544763,-0.041049619905426,-0.512863132505191,-0.379135112075750,0.539845404353481,0.112427183759816,-0.375023347393820,-0.403059511797920,-0.034092199269033,-0.117600455979709,-0.580499914490361,0.317839909726117,-0.118208381638694,0.376513632173639,-0.142274923509377,0.140814076555088,0.022110268028384,-0.098946353560312,-0.083513955536216,-0.292739574339201,0.286676931251852,0.125461361932953,0.067137240009793,-0.198705345419722,0.207248465461143,0.387061371398328,0.482492364245723,0.570443096043031,-0.379712763123863,0.284227345869519,0.220992287799291,0.528459352354561,-0.571531706613628,0.341595154544709,0.142033252798509,-0.144563889308779,-0.347854681840429,-0.056622329978117,0.474776254534434,0.104761808652146,0.552817744367286,-0.270705356929289,-0.319409645877426,-0.147761611228987,0.117400682730601,0.095409204990809,-0.168061220191549,-0.453817534988511,0.052988309605817,0.356783526935185,-0.218154653499273,1022.072951500000045
57,-0.543742699758907,0.527131110172070,-0.351340980927129,-0.777800497141837,-0.570690992348494,-1.047936864714090,-0.858054044999649,-1.242170594092628,0.396711909095138,-1.080253378416770,1.300615102739418,0.147200620282526,-0.136270129305332,-0.394318777868583,0.342469437206578,0.755641558108488,-0.330435908448846,-0.096680609348743,0.590029731788529,1.329515127104385,1.048877777660170,-0.567120508193445,-1.340922665878109,0.751697802518859,0.974772737855588,0.777583746287712,0.821178174972857,-0.068471405859191,0.931941672190631,-0.079861329444939,-0.300398535691056,-0.799213352162540,0.189060344991836,1.149970931392029,-0.795786745243585,0.355853018668234,1.177068462774163,-1.018732690008628,0.091158237719352,-1.253980046229308,-0.811550423935862,0.549479117733452,0.693907944116997,0.558429124440419,0.153667415701511,-0.597596401927099,0.397837498399448,0.997146739487892,-0.170134787117628,-0.056486864463891,-0.610709573205694,0.339840025793521,-1.029457955333077,0.159968709674683,-0.310320894633344,-0.372546334518224,0.105697592106201,0.210916395236320,-0.360249227474162,-0.324365081203740,0.254474303071714,0.470652434253797,-0.149737182972271,0.060965299865807,0.219470307140034,-0.548786697893413,0.087092541107078,-0.122059910885342,-0.580387783230448,0.555258471771712,-0.076912460989179,-0.235780958503885,-0.245497985129754,-0.549893090478151,-0.561721078847599,0.174401515162700,0.086880253613204,0.081707827373393,-0.511974277070553,0.008289416071307,0.470080181319511,0.379681656407417,-0.003002735297434,0.221908370704794,0.070152222527793,-0.398665135341868,-0.336313398336899,0.132210958677538,-0.441881450212665,0.378049775701988,-0.290077216930090,0.470600866073238,0.558429067886653,0.268973121410322,-0.373097180578494,0.578774511883011,-0.209788107779791,-0.157182227435366,0.465637910733094,-0.502062261162525,-0.091794162905320,0.143515039445033,-0.279850049906550,0.260793427557527,-0.123924030610629,-0.141534753642623,0.314787098861101,-0.026415527673955,0.008805313777816,0.364425660559979,-0.363135675073542,0.344381738890412,0.559842086064016,-0.121557250006714,-0.218884749725021,1010.150872899999968
58,-0.403940429442265,0.977017519333821,-0.119782809158551,-0.607748501320990,0.078625147425627,1.271084262172907,-0.671485563732579,0.734299111569364,-0.905952778229079,-0.984167265119124,-0.489845434865866,-1.115436662587789,0.299925695036461,1.059744458916876,-0.065684497608958,-0.045537004592258,-0.649483958411302,0.838108841361074,-0.756683148026989,-1.342426471563291,0.966847269349004,-0.702138893292401,0.392374881837978,0.092946642498128,-0.347169286235280,-0.900580409930397,0.159493433308470,-1.149493174546712,1.188309274401268,0.508554956457195,0.756045082056904,0.470206069483854,0.542320373041510,0.178501736207936,0.310955203950631,0.723164478707054,0.167921016357826,-0.158447045387734,-0.393862922569983,0.028205962629694,0.785161550461313,-1.297938929100341,-0.941475846665853,-0.220477197177492,-0.228294593303557,-0.479464140729949,0.305638968734180,0.974309041417687,-0.506314899270903,-1.144065132560569,1.351225865847425,0.619982393860961,-0.309001448096160,0.568842839783584,-0.139197471011055,0.408749171718616,-0.825065680043530,1.148033298446696,-0.558951287736791,-0.141364512661038,0.587472230227369,-0.167181313484738,-0.559626271852256,-0.195763164957759,-0.485974440885335,-0.478302650390154,-0.424015477787327,-0.071091488685470,-0.348764721027302,-0.296244362856776,-0.540888639030239,-0.361434997674807,0.181387598205930,-0.248843931445154,0.503531199968838,-0.307987810628980,0.032925802990613,0.100788223009120,0.401302531960262,0.260040526374547,0.129565737452051,-0.044197977413421,-0.154730502772776,0.434698233883362,-0.327027525458865,0.043237480364851,0.267547127616657,-0.511485207705819,0.242562025835737,0.543470031914477,0.311822864028176,0.588370541650339,-0.096151795534795,0.488125223084982,0.190666708948407,-0.030955893461423,0.557746357828095,0.405668669278432,-0.010600916687920,-0.155308581839598,0.203511394714151,-0.370261728202739,0.379866502787274,0.323560464895366,0.388241007443738,0.151242025958558,0.048256504541839,0.302302361327143,0.071493001366681,-0.229285757139369,0.154232459249285,0.015504234142782,-0.567845788797856,-0.287079784796179,-0.229075470787594,-0.004823013485045,-0.219352001329853,1002.780323199999998
59,0.362681345525489,-0.580937780838460,0.961505061765815,-0.353922612905513,-0.287347008072443,0.744046980435428,-1.318728160272193,0.119673288483016,0.089366185084581,-0.137338225509721,-0.138031996857009,-0.516762857119366,1.337593656504615,0.858477926077830,-0.746018923797647,0.092033787171651,0.854750622886163,0.407625757391593,-1.027952903691270,0.249476305908649,1.125798151515821,-0.964059070997463,0.551328553489496,-0.637287122066382,0.391188012433597,-0.518036257419568,-0.757423774396566,-0.209504383434779,0.532211857244994,0.614036058875642,-0.546100306029732,-0.843998377883960,1.070566731729361,-0.134760075789541,-0.403170975198648,1.289492714685591,0.882615774399334,-0.947699425829999,-0.712644936923994,-0.812273746252682,-1.312983384128122,-0.387264945553369,-1.177183888935597,0.227731119036445,1.192741141043026,-1.063319879278084,0.475269661388302,0.301091032018257,0.011800134412045,0.793569935292666,0.273852358588887,0.638161495035882,0.074707919058151,-0.159268016518395,-1.163550245066628,0.641790000280220,-0.335702717310332,1.046031498684076,-0.015021028267805,-0.386721771550865,-0.292275306470160,-0.393871040726887,-0.297741419901397,-0.569025691642649,-0.458459913970378,0.109717769996234,-0.372560654120751,0.357418795723749,-0.382051577923549,0.326384637649062,-0.528940348785258,0.061941984983915,-0.192366431108097,-0.471104826498408,-0.156759141718958,0.027894190873840,-0.177862261306544,-0.106233263882641,-0.571074721115522,-0.273415081680032,-0.395235807463929,0.520781321721989,-0.059049416757546,0.351684582526657,0.393107163589200,0.265927594791388,0.062534703062068,-0.533068277022905,-0.261319079676067,0.139562242685123,0.070544388996244,-0.004401580040652,-0.156101738368274,-0.057667017506981,-0.142234751133379,0.233424447343277,0.396373662298603,0.505057649945779,-0.214094778581747,-0.102879353764539,0.559875933713399,-0.281067157278044,0.194691358431703,0.214672676419306,0.111494824461842,0.115403480779517,0.556111088829342,0.083447789797869,0.465439092166400,-0.019040163587854,-0.022241527009271,0.571609819213349,0.567929933235299,0.286100069528000,0.286022599647136,0.267346579210911,0.370322947769256,-0.577862667720815,-0.220114801760409,1023.040799200000038
60,-0.261014419149625,0.718239745353234,0.917431435851734,0.257475397809590,0.038900433509434,-0.317448116954413,-1.025017597609591,1.091576116436628,1.033016601588464,-1.294087095007318,-0.610419396799554,0.479049070183621,0.318241799483451,-0.250327215574774,1.130715480189201,-0.577276787629240,0.472899027126918,-0.827061494513818,0.012189435716477,0.702369769755543,0.471142089314914,0.043395404732386,0.939450458199621,-0.796046306163004,0.722715121703985,-0.155713584946195,-0.597291925305193,-0.131350762763867,-0.598603194934773,0.493594755171621,0.294719045423309,-0.253333314892624,0.692316092220333,-1.340235539821588,-0.927007374126138,-0.112967216561533,0.908425117489685,1.346165255596537,-0.419117457710735,-0.966525227677387,1.292207792311189,0.861446534011167,-0.426190806424321,0.670002449533952,1.202286960704104,0.086072558172525,-0.773999197973506,-1.199350300007745,-0.052018405492811,-0.676488020093732,0.508258377925816,0.255925539247698,-1.120466733561872,0.079388677183906,-0.467393308954719,0.220038651729964,-0.374543917354170,0.260891228079610,-0.864945563301004,-1.096658967471470,0.586808490152434,-0.044620569218344,-0.418343553233551,-0.560081689078722,-0.555145795299096,-0.339240293419140,-0.354308523852208,-0.003976765331809,0.327653528414601,0.160569947980151,-0.522250206346467,-0.518727634238040,-0.349843799607282,-0.012357198534877,-0.294677376802351,-0.304078551194431,0.523956718142836,-0.439615186314888,-0.071290106090908,0.186792476224387,0.015478158582608,0.573687881846655,-0.168344654699362,0.073601368082182,-0.267210837767189,-0.538953502611446,0.007226190247026,-0.235819757262522,0.529422665231064,0.250707508321872,0.313282652267597,0.237193822458567,-0.493302127323161,-0.061399279280738,0.239531989080341,0.426037629886630,0.125018532856083,0.070226408535382,0.438842331071074,-0.104622960306265,-0.139672346748447,0.425524904360470,-0.121998574947738,0.459376370626679,0.246736052019304,0.319352949663036,-0.203235483091150,-0.226467867204128,0.133254628004600,0.312448385058593,-0.220660232747353,-0.122345498479707,0.319998098674219,-0.318403208158840,0.189644668087045,0.087196706239563,-0.551497859426971,0.560189298656266,0.465646900122271,0.041473546329965,-0.220585850310319,1011.276265800000033
