1,0.000000010309965,-0.000000002800579,0.173032285278847,0.058366900000000
2,1.294189601240867,-1.294190610998191,0.000000000000000,-0.000000205144019,0.017452930119960,0.304609700000000
3,-0.000000136067565,-1.767337451838629,1.767337587367165,-0.000000000001683,0.000000424908717,0.000000329277494,-0.044397881098297,0.046113000000000
4,-0.627729477388117,-2.024238966530448,0.627725695809394,2.024238756351685,0.000000049433574,-0.000000835144662,-0.000001145600728,-0.000000199568993,-0.078051259534455,0.116161100000000
5,-2.188989497867581,1.014420472562107,-1.014419287782536,2.188989975074884,0.000002530094635,0.000000052777677,-0.000000818807621,-0.000001140729011,-0.000000933217291,0.000000000032911,-0.099333219929802,0.178182900000000
6,-0.416087740541970,1.281159269207880,2.305069094165948,-1.281162067541059,-2.305068174134647,0.416087675648949,0.000000765324469,0.000001729175712,-0.000000070934658,0.000000328338274,0.000000424552271,-0.000000119369857,-0.114046075447700,0.351601000000000
7,-2.391987873294964,0.717215461505616,-0.717214104660936,1.478300266734134,2.391987540163756,0.000002194060473,-1.478297319867626,-0.000001595465361,0.000001528450465,-0.000002016495578,0.000001802678971,-0.000002245785377,0.000000000017264,0.000001649921514,-0.124825730192374,0.443589500000000
8,0.311542535246350,-0.947458365146014,2.459916326938829,-0.311540526992139,1.631009261955556,-1.631011103883813,0.947459862023764,-2.459916320293670,0.000002161357715,-0.000000700855559,0.000000381259999,-0.000000583738505,0.000001976115993,-0.000000351161368,-0.000001709948024,0.000000147164733,-0.133039497487376,0.849612900000000
9,2.514710453316648,1.753427218776228,-0.555844708361978,0.000001655598190,-1.753426685726504,0.555843514368363,-2.514709693558866,1.130377085563794,-1.130375833512851,0.000000308312469,-0.000001499144150,-0.000001693576122,0.000000000011517,0.000000951039357,0.000000184493263,-0.000000108206284,0.000000632614486,-0.000001715619703,-0.139465400469506,0.985191800000000
10,-1.279887556585505,1.854147507195966,-0.249130603393736,2.560006644789917,-0.753745723934332,1.279886450235090,0.753745373617938,-1.854148093442332,-2.560007259216316,0.249130415391666,0.000001356066695,-0.000001182231464,0.000000824439853,0.000004646846795,-0.000000961860186,-0.000001422847197,-0.000001330051164,-0.000000661609607,0.000000025034348,0.000000693880385,-0.144578841031502,1.610966400000000
11,-2.598186079242552,1.404812912089122,-0.000000102131123,-1.404812908485498,0.454112017919747,-0.918023352036738,0.918023377091488,-1.938739497915420,1.938739449537178,2.598186099227346,-0.454112050252769,0.000000003119220,0.000000032238829,0.000000872467654,-0.000000025611893,-0.000000124529662,0.000000262103723,-0.000000024032482,-0.000000018992400,-0.000000012863443,0.000000002449223,-0.000000539949908,-0.148687837240137,3.095134000000000
12,-1.510853536322243,0.206141385072763,2.010964636032404,-0.206156671499739,-1.055870107336746,0.624009703208985,-2.630877971595477,-2.010978448476030,1.055885049233660,-0.624017120981571,2.630884341448409,1.510863646167783,-0.005307085895327,-0.053117633577638,0.000000528026991,0.053157368562315,0.018173229227786,0.037673373231924,-0.000015278558648,0.000741170155147,-0.017997858111080,-0.037852511855722,-0.000008327967207,0.005078970523200,-0.152034646998966,9.883307300000000
13,0.378965108905994,-1.174693005783836,2.657213574588645,-0.769645098255913,0.769888590051188,-0.000209479383185,-2.072480088612283,-1.601159435167092,-0.380793133167299,1.173139102003168,1.604469629029399,-2.658004139423117,2.075731839286800,0.066171210821213,0.021339973879693,0.000822663267811,-0.047952169521213,-0.055901816403065,-0.085268172106651,0.000790901386368,-0.004443716171336,0.065760209390943,0.021487395779323,-0.000572659307696,0.001452836862372,-0.000273014206542,-0.155031420414861,118.302027499999994
14,0.531351488825261,2.684099564144317,1.273897162137453,-1.274013800412966,2.128261801363571,-2.128207491671074,-0.176628478522633,-2.684157388756491,-1.680996690232139,0.176542507708136,1.681012833372062,-0.892882928802906,-0.531187079017402,0.892885301475024,-0.103078419239199,0.000151780047481,-0.047923324619183,0.048702774652560,-0.000601516656605,0.002961865308972,-0.110907138183241,-0.000107692395495,-0.017621760104030,0.110525003298452,0.016944038769877,-0.082591723834718,0.103470589321160,0.082483410969014,-0.158077523162132,114.588647300000005
15,1.750325910537260,-2.706274118906579,-0.330752232764253,-0.664324446620659,0.663809824602145,-1.750331239338289,0.000036801376606,1.363194166470005,-1.003893882113921,-2.176313659574500,-1.362949463925721,2.706127224306836,0.330760938448260,1.004024993274844,2.176602298505320,-0.023106249189219,-0.000195249470188,-0.119921672867997,0.113269225005237,0.112323146092398,-0.023673141366424,0.121672625340838,0.059768161747775,-0.095189621710759,0.004632093238779,0.060042374441959,0.000329102152492,-0.120040583728086,-0.093239855582225,0.003728022943916,-0.160940280466311,120.915004600000003
16,-1.104152140883229,1.442290285834451,2.725637833214409,2.219727530652681,0.468312256887541,-0.155272977264649,1.812668760573988,1.100838811850401,0.781527094234904,-2.218837525543326,-1.443181887355394,-0.467805219025281,-0.781064530938193,-2.726535714666610,0.153632628318076,-1.811300686060657,0.099925784093325,0.061565029377152,0.000573553519918,0.009318002133577,-0.124298079247552,-0.127064712926806,-0.028959650588384,-0.103214092607227,0.125161715625375,-0.008221507709236,-0.073263892032583,0.123797933185852,-0.119552287802026,0.000252476149090,0.128876950411233,0.030388266285349,-0.163696765184920,205.132010100000002
17,0.291878427303535,2.743571883367700,-2.258050509906518,1.867021900392200,2.258046923300178,-2.743576232927794,-0.885961366536135,1.191203064120800,1.513462169745860,0.886010824336876,-1.191219316783101,-0.291884008190827,0.000005928151056,-1.867013143134436,0.586310958257218,-1.513488413935307,-0.586326778637241,-0.134191856404422,0.000284096137559,-0.007421870380592,0.033572059221294,-0.007408651196644,0.000281870414296,-0.122919049065292,0.107505121453272,-0.074824355690876,-0.122933392003571,0.107365802078111,-0.134181504732303,0.135593532834417,0.033612098378441,0.129924900287356,-0.074807782350490,0.129976640214795,-0.166390310791921,8.784258100000001
18,1.271273175584523,-0.979727959750978,-1.916553073873168,-0.137794813790666,1.916552372682455,0.137830289215662,-1.271267599697187,2.759616976192734,0.979746523749762,1.577730154730331,0.693921450453645,-2.759635892364525,2.292894932332027,-0.693956106140080,-0.414307351122193,-1.577749391661172,0.414269342425908,-2.292854614831267,-0.111660480278205,-0.125609431474441,0.038125930651192,0.139799297069240,-0.038088993041576,-0.139837940383190,0.111695219246020,0.000415309370744,0.125684762936551,0.080837078572684,-0.132768965861736,0.000334431387637,0.008887767698806,0.132778425260695,-0.137677377582826,-0.080798469851294,0.137655571555387,-0.008925686395662,-0.168972817884565,95.140427599999995
19,-2.328715373082634,2.773169287936364,1.959280931704477,1.349070849995789,-2.776005771337535,-0.254798855567265,-0.780633470614044,0.264836112673586,1.057066992794550,-1.061323599991795,-0.012334040285653,-1.350734375307536,0.532962337865362,-1.635286366192342,-1.959508166113734,-0.534517340336854,0.783430469530194,1.636433659591303,2.323649485301195,-0.012362701301916,0.007499686650286,0.044159717690862,0.100303976497028,-0.001245155146902,0.144438379490703,0.139070637082826,0.106819479879198,-0.115868880423523,-0.111045323895813,-0.138299945735803,0.108347009712154,-0.157159294440884,-0.091428736397371,0.040643515875220,-0.146515030403106,0.146108291387546,-0.097996038710195,-0.009363091835193,-0.171166887993400,696.597671999999989
20,-0.879166820432546,-0.124073825302963,-2.787555970308422,0.624151300705365,2.353307271111576,-1.689792226406971,0.372986497286683,-1.410089421823969,1.141151074034243,-2.002454162676965,-0.372945759412944,0.879082443971301,2.002493843630917,0.124056159644966,1.689794834166860,1.409911196805895,-0.624128332256410,2.787563785552786,-2.353322484757406,-1.141105469274828,-0.136000291203583,0.146203610548564,-0.000557560592082,-0.141669240092490,-0.011733184840599,0.089490910096503,0.144633753105346,-0.116807680589983,-0.128580661470602,-0.045877945257183,-0.144665874196224,0.136075255253925,0.045835684905872,-0.146189096305389,-0.089182781350875,0.116869677475042,0.141551616525564,-0.000120633892969,0.011872236632618,0.128496219629369,-0.173841140497097,147.105259600000011
21,1.209524655792523,-2.800283139170289,-1.211788329031476,-1.739597178931775,-0.287179727133583,0.965336044356982,-1.470240672623476,1.472572831821929,-0.954054296886543,-2.040310047706794,0.142771397294613,2.799936259952768,0.697010545339723,-2.379680693869872,0.505582163190686,2.379981063852494,0.098642710779359,-0.438046962038973,-0.727962084695425,1.738162069222999,2.039242820736731,0.130424111782789,0.000763138065298,-0.127190263221354,-0.092087482613671,-0.128192555960039,-0.132341391461393,0.117758956254369,-0.120303349684015,0.142248748364045,0.050065799176116,0.174868857468771,0.000796250541842,0.153966244585444,-0.013545170531447,-0.128018805160263,0.013074862776092,-0.139157991203586,0.163182622182545,-0.135055302663407,0.097617797298287,-0.050122996648624,-0.175284331145311,851.950096199999962
22,-1.784340886046272,-2.811161233958050,1.523518464246082,0.061170569891278,-1.275993664265469,-0.555353818535613,-0.359399826568599,0.744978984885903,1.805699077186062,-1.526301369335682,2.811100656528689,-2.074667056067805,1.226531320157251,0.623861037476975,-0.067385281915826,0.338890030227328,-2.404093126604592,2.073883830320699,-1.031222591181372,-0.802885006549884,2.403427648251897,1.079707861277951,0.095430009906961,-0.000788671511603,0.000624819874944,0.157724974956996,0.128891831011044,-0.153305720480099,0.137889384762344,0.157314716375283,-0.078061902219606,-0.119577517700782,0.001183362325770,-0.052061809923945,0.137141159773788,-0.156319454445409,-0.167252836987945,-0.000002496152296,0.014568587512075,0.062566214558566,-0.139260452254751,0.140268570845512,-0.017203624696695,-0.144720060909267,-0.176422524255799,298.030836899999997
23,1.578232809945052,1.824833047275611,-2.426439748585491,-0.110376095537137,-1.336615188910514,-1.093571829121298,-0.889916783998578,-1.826211761440527,2.427744446416996,1.332365443607251,-1.577357918332426,0.390824662125170,-0.106438872252705,-0.614806901882392,2.821519539921294,-2.107037227669940,0.671795610207569,-0.481262986965903,0.268059127591680,-2.821500783409780,1.107101635122284,2.106371197406231,0.862529211600255,-0.119700387786644,0.097642485256368,-0.015849683286013,0.174259789336980,-0.125956382887167,0.143139409573900,-0.134340879046609,-0.096143675858225,-0.001255051113954,0.133174880897059,0.120138986610616,0.165348673530046,-0.141780421642936,0.163717711713986,-0.000165919033174,0.054512011206039,-0.138443550250009,-0.134769930220621,-0.138573468989096,0.000762830828282,-0.133464183377601,-0.046794883552273,0.148788323799416,-0.179718655311611,1487.573563700000022
24,-2.831410292009224,0.011361966925524,1.864123894272746,0.755095688427012,1.170942257645502,2.831522104042456,1.626472070182202,-1.865493223929497,-0.933682095213186,-1.624875216377900,-2.447434241990876,-1.387152917780682,-0.355972385165318,-0.748501621239856,-0.482999284654098,-0.014289064280150,0.465480052108657,0.929004435594857,2.449004031047743,1.387272803034084,-1.169020614029709,2.135840863207477,0.372706570693275,-2.136945992306361,-0.001033495080067,-0.141704461228862,0.098490063320341,-0.135646325207027,-0.132074430304719,-0.000001611064671,-0.121527412082467,0.095717792224092,0.149955735820989,-0.118939886646392,0.016603294032327,0.132630604632239,-0.139427074625259,-0.140350975795820,0.163629545532758,0.173408014676586,0.168026083979089,0.150149258359012,0.000773071593868,0.131751445815560,-0.136601464764785,-0.050608779175628,-0.139806928095349,-0.056614117768963,-0.181790629304908,2149.903264600000057
25,-2.163561373212168,1.209238058911522,1.904528364546438,-1.667096421382791,-1.015807535554418,1.464910824046746,-1.440592888531622,-1.903655899671188,1.023410072712460,-0.625393648206699,2.470407391733603,0.002947623448384,-1.221106706286944,1.633075340482687,0.349197244239498,-0.251083630644621,-0.347217526217235,-2.467125956340450,2.176526031682499,-0.787299623142369,0.780749938764472,2.839944293936426,0.247590157394122,0.628695204322553,-2.839958684831730,0.061370940351261,-0.136432230050581,0.007662676715136,0.117943584231669,-0.142233858141281,0.142787910959277,-0.134761416502003,-0.098239135330736,0.140131878983904,-0.131294127705312,-0.003210846430161,-0.000005785020465,0.141482152405202,-0.113571014870783,-0.167976445641250,-0.166935471695074,0.169982937663105,-0.018955687627869,0.000170300503047,0.158844637597537,-0.158111248627769,0.000209052744545,0.170037269452118,0.139676961462555,0.001221547715515,-0.182806958718223,2326.759720099999868
26,-2.189777927219678,-2.484740146246851,-2.848839729483031,-1.282044168858054,-0.886911138868029,-1.484964086040611,0.523798009506126,-1.711325329464680,1.282983632850542,0.636621286394588,0.889846419785890,-1.936388478162709,0.209155655122494,-0.516832724891179,-1.059948519012379,-0.643384734392148,1.058098723846673,2.189011639689954,-0.165807603002086,0.176095847993777,2.848984249697316,2.486792595607838,1.484426639019354,1.934564038002633,-0.221111893154993,1.712124496548642,-0.061840824783949,0.019621985468527,-0.001353779658295,-0.135059197275036,-0.141134193089698,0.130585917109674,-0.140290250984756,-0.119502459457036,-0.134428931864172,0.163564657993631,-0.139187952983654,0.101894173758221,0.171315541097766,-0.142285269317260,0.147710153711881,0.160557068187920,0.148199932611661,-0.054073481094527,-0.142832058214316,-0.143383258099474,-0.000361565527521,0.002166056992037,0.131125364143328,0.101498717000245,0.170429883649005,-0.120065857422217,-0.185634446538368,1146.561242400000083
27,2.505704050996179,-0.309556421427134,-2.502042795255110,1.150806366404346,-1.334171459488169,-1.113484547601808,0.905473854751290,-1.527666792136086,-2.214391900321014,1.303581470127323,2.227904747174237,1.706174888806772,1.969430388826239,0.774152174587364,0.423582434963907,0.505181655945339,2.856095610844803,1.565958819293161,-1.749937834643201,-2.857369972233905,-1.967914567581081,0.086306541988991,-0.248146562552647,-0.710961055771469,0.098299954859806,-0.952315514781589,-0.591553578831733,-0.000360346212247,0.169374375364538,0.021313584586456,-0.143330892690541,-0.133513932451148,0.148795088237446,0.150428421729670,0.132364972253276,-0.061145906755007,0.138660942747679,0.002398434585996,0.115926203439645,-0.001012348282856,-0.144819858045093,-0.142445290808397,0.165404008113681,0.004695996978436,-0.138619841031686,-0.116515812278108,-0.001554951472199,0.104120864714604,-0.146198414502199,-0.141640534075418,0.158180196585648,0.170299418017109,-0.139576505422097,-0.146259204091834,-0.186881147812728,2397.497290400000111
28,-0.391743301403949,2.864325882527083,2.520339912626969,-2.517639568090556,0.660244234220981,-1.008275106462411,-0.658458459243322,-1.998606157189582,-1.569578718633635,0.326335406257405,1.381673469063843,1.787246906223671,-0.324040087423792,-2.236474475403626,0.001526176886448,1.009822239697650,2.234891235124613,-2.864310601661182,0.389142428143520,-1.169231328811560,1.167836603492430,-1.380917872297506,1.996658447630187,-1.786143373264560,0.777305352888383,1.569147640647200,-0.779257138988107,-0.002018277890280,0.167183667809954,0.000428614590027,-0.000695677589711,0.021632233035140,-0.145223494623864,-0.139863460344288,-0.143786782957723,0.104416946767845,0.130094066242244,-0.144786638083205,-0.135174680969194,-0.120442977999064,-0.145502569845474,-0.065684816433168,-0.145652118048925,-0.140746798087325,-0.057427050126499,-0.001496686550004,0.168026780311455,0.146231320720941,0.147951820815969,-0.135027406453726,0.104846615060947,-0.118296231220212,0.159055590219418,0.130906965480705,0.158803500583811,0.170921315796217,-0.189092970342756,2832.374563599999874
29,-1.816930576327347,1.005632832549365,0.590636989385591,-0.363839710409692,1.618167943880511,-2.872774563686513,2.259971409104004,0.279802965164356,-2.260885780617577,-1.608859855209856,0.915490115908248,1.403663096892478,2.020675672434762,-0.861413206776798,-1.424100737997108,1.823950480536358,1.252056147246039,-0.036415571847095,0.617279298104262,-0.497608439343076,-0.702511801506661,-0.140051945386493,-1.228542944953074,-2.026834332918594,0.229403079906793,-2.534780125689002,-1.046320457367767,2.536300501906680,2.872591392016098,-0.113662246773940,0.160825956891017,-0.135664627391807,-0.152950389744519,-0.114367160874239,-0.001825122537184,0.053403633052943,-0.134080590696742,-0.060735957095269,0.136163935301937,-0.143725993713087,0.142350436246028,-0.107952958471702,0.164750363177302,-0.141846815858915,0.132241196916627,-0.126596488256672,-0.148844502634535,0.166743887527075,0.153445215088159,-0.149712146974965,0.161044924502718,0.129946442399386,0.093749041985324,0.173466627412655,0.020398466688870,-0.150364814490651,-0.012645830603488,0.002202384833197,-0.190591926487835,4036.956162099999801
30,-1.849189962493054,0.580462968616099,1.853035241055925,2.878210434572558,-1.280016572828513,1.253422177259942,-1.458868392908330,2.546654398017502,-0.931711740903603,0.873798275020438,-0.597511370351569,-2.546596381518302,-0.049784903129692,-2.877909675489206,-2.054466369864111,-0.272360068987164,-1.092812070817609,2.278280601589884,0.045304781114363,2.052842973548950,-1.649986802670043,-2.278130939252893,1.473554553607565,-0.394743564224211,-0.740379463087489,1.128578634914545,0.302323575847286,1.641437261568192,0.798645996909565,0.367523329683085,0.118728559369872,0.000075515654247,0.117233995415124,-0.000081333026768,-0.139156005919317,-0.149722465121655,0.136441237047643,-0.023489839763196,-0.146197209237444,-0.167456528246699,-0.149648535856507,-0.023484207710814,0.164068240818729,0.001654273685809,-0.104496651132970,-0.152221979818077,0.147544391800353,0.067770667363035,-0.144435456741861,-0.105748538411889,-0.127177465677653,0.068151043577049,0.130797712072367,0.160101648506309,0.155049126125312,0.132901952658260,0.173659411121251,-0.131728035911350,0.167474936832028,-0.175754776955295,-0.191787575866304,2776.571849399999792
31,2.564483032121371,-2.883855678897687,-0.781193862055821,-1.474275594845255,2.298956821177564,0.009871269394081,-1.695285179872427,-1.339024412649681,-0.291726043669643,1.701637156374899,1.128998893318794,0.157966535758224,-0.193824151674464,1.336631577288853,0.662507885760758,0.791857318130074,-0.990867481521559,2.074747998939714,0.996518391413319,0.475959126560269,-0.668303718902770,-2.296492961650969,-1.137665219976598,1.480430762170396,1.876137504426401,-2.564475617693693,2.890826110322464,-2.074240447561771,-0.486132386797960,-1.880096923406275,0.319496440737806,0.001637423760043,0.003030215591985,0.170057326852097,0.133084279232535,0.046652831491190,-0.135235359164558,-0.104103604666543,-0.159127315115361,-0.160447071157345,-0.117219323299019,0.159700251001039,0.165824527348496,0.170498784539363,-0.152243901318675,-0.155239852077423,0.155257715229279,-0.117895802836416,-0.106132097558316,-0.154131422610056,0.112482615458170,-0.179649663813859,0.058344067352910,0.126704894403184,0.118737529902889,0.156027394509518,-0.017944339087891,0.002464218889799,-0.107119743621032,0.072017092237888,0.137828390101271,-0.146025482300546,-0.192886910888531,4093.149671600000147
32,0.196940583779018,0.490699248821201,-1.907159203931622,0.774307866073161,2.318504012835168,1.098294781981034,-0.712929551845713,0.108810832625417,-2.574632284811578,-2.102499017302569,-1.352317442558859,1.393894644557444,1.518772378783170,-2.312615873873801,2.102594294333963,1.729579374013095,-1.711659882249021,-1.202962621612779,2.892465953210455,-1.546139693769678,2.574704084411297,1.125925352066541,-0.216392404928739,-2.888980240253730,0.441743503521169,-0.535247661806399,-0.099650065738587,0.795931326464711,1.897519289565139,-1.023073607253058,-0.399499899753130,-0.859865394090771,-0.145054269944600,-0.150444870663773,0.113509847842262,0.156942675645401,0.059092239265730,-0.134867369093198,-0.149721256724747,0.167895067207301,-0.024723461812008,-0.104363549729118,-0.146835125629340,-0.101711974068171,0.151295931722193,0.062661359243325,-0.091192405817015,-0.137690720370784,-0.139756047688989,0.140870653930579,0.004539483500733,0.131137420119940,-0.022386194463326,0.164055465248759,0.167422115058362,0.002361223738715,0.163690314614875,0.142930173828804,-0.149679407767607,-0.145330296368169,0.123110655226411,-0.130860520261016,-0.151639011829941,0.157081270307884,-0.194872639745533,8223.320170999999391
33,2.341783868204832,-2.895718894802966,0.704386350394427,-0.395161466263451,0.391529531449264,-1.577996640310285,2.590068008959362,0.362717888201687,1.555708187300935,1.186409723032390,1.427688382202503,1.943642881263233,-1.745086634681596,-0.349801477927373,0.670765647401347,2.896228735261896,-2.333386811668073,-0.725027179755233,0.912273348908119,-2.126183197291899,1.751295203889008,0.054709677011478,-0.940072546167057,1.121381842544687,-0.644343733809407,-1.054487001732649,-0.150512556568310,-2.584029160099343,-1.391166708627659,-1.934420971672254,2.102432274953042,0.084458708597065,-1.249836846581953,0.000434824703166,0.002281698189493,0.178212872606157,-0.177804740519665,0.151404951007377,0.128818981708126,0.001674014990418,-0.151747747361412,0.143050727469722,0.165374794255282,-0.122857483328041,0.126961464106048,-0.126103554505849,0.179677500215765,-0.168115222647458,-0.000189989810069,0.072488517246144,-0.161974423424897,0.000460980687569,-0.102364300511890,-0.118704314970882,-0.182100460798034,0.145970266618137,-0.161002236361850,0.135558783237792,-0.152388885621065,-0.001041151682249,-0.026552677285099,-0.141605713181677,0.116112718349492,-0.093255743034560,0.176493393837072,0.138922651178623,-0.195231990228959,7441.639899900000273
34,-2.138753178581301,1.772989735856343,1.414540796383536,0.431360272372115,2.900011086786980,0.733169268851814,-2.899565376052278,0.437390450134739,-1.093762332115398,-0.709972765860956,1.617959995526169,-1.421117796417296,0.004186097521474,2.598770446888988,-0.768596353592199,-1.624431713896494,1.021715041517688,0.217179944591232,-0.995719195976788,-1.762029569018308,0.739722794049980,-0.212587228882885,1.307101780860062,-1.969880646881479,-2.596756599224344,-0.441117296072608,-1.293631412417138,2.155263739927972,1.065005895081464,-0.428891983452645,-2.350232706252668,-0.005105844438378,2.344400211520469,1.953479210529901,0.113553635415336,0.134548686152952,0.144615225505346,-0.175661504500952,0.000255151544341,-0.152599930279383,-0.002009312457192,0.181185299920054,0.159356969652226,-0.140388822889159,-0.114107842944049,0.126987133924298,-0.193116903702325,0.011210410383906,0.160193034220055,-0.134594138849321,-0.115985070647824,0.004308259473972,-0.142470825722204,0.137826085277169,0.141172681154146,-0.007903018549290,-0.124486996433982,-0.122883612120143,0.027904560077661,0.185018182757193,-0.145680965119448,0.104083504467970,0.168851028511649,-0.159166813313893,-0.059700735746831,0.195521151447914,-0.074074858988395,-0.103617773921319,-0.196695795110176,10692.502436999999190
35,-1.808267358211537,1.278578837231952,-0.881062261962441,-0.044982105383960,0.916785143760546,1.815477334461489,-0.994213091902980,-0.098451016837498,0.948400397975639,0.712298326215692,-2.364261668904568,0.198139591420459,1.618190745159921,-1.174763769506305,-1.630487614102375,-1.482686648616250,0.505561093216167,-1.305038161754484,-0.597875024484856,0.504376808698711,-2.606403375056337,1.203184613515039,-2.168770695261014,0.227188512204077,1.977406598796187,-2.906527844689310,2.906440146454171,1.498362065529615,-0.691305940363880,2.363703527368228,2.171338396600841,-0.392459412839489,-1.982121313359164,2.605909899506375,-0.320872010574204,-0.122196179448410,0.152495239643568,-0.149803598621492,-0.155447877750246,-0.167880827817085,-0.119833684143121,0.153378542859790,0.162540560217704,0.173014541723523,-0.000041998470456,0.073150429796446,0.164975341919317,0.140430170029602,-0.142438976639689,0.137062550717854,-0.135772091787423,0.181749404604160,0.143214298915677,-0.147039726134880,-0.174776926436393,-0.026588600264919,-0.131661649334078,-0.105024971780995,-0.140578952660469,0.119259832865647,0.002100106287764,-0.002254767132840,-0.132125179841158,0.160101284662620,0.074782222182730,-0.104224973720369,0.161791825257976,0.117464331030682,-0.027081391346381,-0.152609951873493,-0.198470522038566,7479.204050500000449
36,0.795638024666208,1.662382765019928,2.911718151781399,-0.376805844930333,0.204730917036693,0.348677484490931,-2.615275086711297,1.075046172142145,0.612944900832721,0.485785131625044,-1.356862947280063,0.879712948907660,-1.990546728331028,1.180311244163216,1.363916423896356,-0.904757882198321,-0.639260755278498,-0.763079542473857,-1.660087763990064,2.012571856702018,-1.058017594335056,-0.454350467729944,0.069011264598165,1.510183092302942,2.622327806321359,-1.845995025615279,2.377509214746861,-2.381911712189938,2.177944032910590,-0.075843467273337,-1.199034521924452,-2.906818620314067,-0.190589323648527,1.832715577307133,-1.505039187348981,-2.195972798758992,-0.165658073993869,-0.137350516952690,0.008768195132431,-0.167416295717558,-0.150317124355134,0.166740421466064,-0.043786046610131,-0.132257106223697,0.104968226667075,-0.174663946740046,0.149070697423918,0.174267710250487,0.122039895180932,0.140744161044664,-0.100700890362515,-0.141569770541797,-0.113278866564739,0.179431662998403,0.119708735967410,-0.121047063366745,0.132680764237354,0.166296121050733,0.160899274082860,0.145034732892191,-0.005602306374503,-0.137297599387893,-0.047966105679624,0.090241313005272,0.109025682519359,-0.179666377499537,-0.136320024866879,0.006530595633691,0.116432876266756,0.119373572086610,-0.158265536336404,-0.097095742372868,-0.199460409154163,12248.587024399999791
37,1.281615124853128,-0.824035004681554,1.567496393330721,2.916104365809949,-2.913659280988255,1.093639677981655,-1.102639960487857,0.907954971033874,0.873108940822027,-1.387882336491969,-0.040721263747192,-0.312670673591948,-0.564991697378313,-2.394143115761579,2.631744582755864,-2.628275815595821,-1.541481064006803,2.180912726808700,1.342397496959096,-2.027082692407870,-2.203986933175363,-0.945737804763381,2.040815705898157,0.587009902140564,0.353812375675404,0.136442529046121,1.861703725771320,0.302594079842616,-1.692616502051781,-0.658964947571021,2.403073779658659,-1.237566728275891,-0.080201228726095,1.674355584992708,-0.361351851192550,0.626614561118337,-1.859669905632738,-0.162136449480029,0.160991814503633,-0.131287244932839,0.003582076640323,0.002442075547770,-0.000655353707422,0.137850713331298,0.172845560220400,-0.163979331375351,0.137691271480213,0.185152107940853,0.157893873102679,0.113511368450349,0.064917011640346,0.003673873055636,-0.024789275773241,-0.139139401864669,-0.088448098640886,0.162226011631681,0.119891147945611,-0.096832432626875,-0.151666777427242,0.121879178757877,-0.161559826145783,0.184241066910040,0.007421473953312,-0.107500503192937,-0.184618403970577,0.135455272289110,-0.168161554697428,0.002336247772060,-0.147569971889377,-0.177849361495737,0.142797483529571,-0.161155266860150,0.134237008207017,-0.125233618036439,-0.200037712786696,11568.712177199999132
38,1.275590328735496,2.403543006426307,2.052964941296942,-1.588014892052425,-1.889006030066262,-0.156455420203463,-2.408386484884379,1.420503209870481,0.852270265280659,2.918596642692339,0.998620972380799,0.738356931569504,-0.322244212075625,-0.105550237596901,0.482483347711593,-0.514646367401316,2.641016127851338,0.569981758689883,-0.814792437575049,0.070302025162101,-1.103010532500955,-1.396412796286883,-2.919752935963783,-2.635310386284725,1.877894138138004,1.723798135733112,-1.305551341448547,0.216953640043092,-0.773817678074904,-2.225591490629314,1.136061030103580,-1.708739029207506,-0.523065654590788,0.288291780233015,-1.029634650520597,1.570364259259176,2.219369994917595,-2.043248410513386,-0.149895161678773,0.052890849627225,0.112774571759781,0.125989502822135,0.117717609833151,-0.194849953972070,-0.078845418180343,0.134605962865597,0.160415828667397,-0.001565644200292,-0.142540666199671,-0.136057009400560,0.030185566158474,0.201413907365562,-0.138142904536303,-0.182118383398433,0.007528092240030,0.158917653250706,-0.170397160324982,0.011175133978797,-0.147127280267439,-0.147379722007652,-0.002908252034610,0.032541796001921,-0.117812330957739,0.127959659387290,0.135943296792522,-0.192608736619985,0.110619634944542,0.100042909670571,0.147101638297445,-0.134122061657051,0.185721991624870,0.181171958296381,0.160363184193323,-0.128907169227203,-0.105608396794469,-0.117632398121963,-0.201614839395434,12038.299891000000571
39,-1.438980802127155,0.225540788645543,0.406879286428582,-0.600759491373247,-0.324188003438672,2.021138391633595,-2.644420144725223,1.437006715028410,-1.152760085198541,-0.044349692570769,-0.078555305955990,1.173078585670427,2.435748206474043,-0.313242299516975,0.491254788944138,1.718340853889519,-1.741646458979136,2.924518444670296,-1.061717085665247,0.762775197821586,1.032272030995428,1.950919382823769,0.653813449873326,1.626768375140471,0.910888510069168,-2.243045170229613,-0.874756935843674,1.321405833917164,-2.923518499422493,-2.418183968833562,-1.908524519081605,-2.066407405370667,-1.327863261339621,-0.801383747847626,0.155888577300561,-0.555716090012260,2.651820068898035,2.232409072425236,-1.609631248051520,0.140985930836401,0.149736844521251,-0.145707832207537,0.170709561907464,0.158106885363635,-0.122045690631570,-0.029802882057809,-0.126328463573599,0.154042790186488,0.181704543331008,-0.105482274735755,-0.130840953652609,0.025806836061830,-0.182019042280154,0.172107096118676,-0.132276638531753,0.132787105060436,-0.009167096690492,-0.137737573760126,0.150972362499235,0.145917163287573,0.133464722291397,-0.145916113072688,0.136782511233181,-0.159630834972210,-0.106612010401143,0.154775329285192,0.155347496336051,0.002973987270211,0.075063824211816,-0.119208095130002,0.114097197331327,-0.143955827712872,-0.170654401681411,-0.173390055988464,-0.114793447210425,-0.002973460068872,-0.000616388192499,-0.129527051657853,-0.202372468132172,19102.679962700000033
40,1.617278810275130,2.942640266134424,-0.795120640718387,0.299656126237399,2.446658562808275,0.186445519451635,2.259739406177280,-1.538702710018582,-2.635460087724871,-1.806600377509321,0.059022134856773,2.668443670664772,1.924922968790612,-0.252996679255027,0.794503903789407,-0.265528902872569,-1.267174859788216,1.766875352483515,-2.942740492810627,2.079265085948312,-1.573298283070586,-1.876233809705458,0.924946065618174,0.559178040768311,-2.213355042768313,0.694499584385071,-2.463568428503677,0.451215018200406,-1.273461544881777,-0.467330655463359,-0.724705827314664,1.513297999312178,1.076783610330532,-1.058337257484758,-0.032001589290002,1.296831036396756,1.237889502595173,-0.546482353392873,-0.959485573255798,-2.127610356091865,0.139914501974390,-0.004849685011888,-0.225331834831364,-0.012303529472790,-0.056614638292222,0.203091321043398,0.083307126999547,0.095795444074139,-0.080075146276906,0.128126872196372,-0.209596054803382,0.054981146488391,0.141058930987909,0.196869663840655,-0.245251397507452,-0.147675365043205,-0.216904308142007,-0.114337369337078,0.008238226557978,-0.088628274878430,-0.174577209399241,-0.128612699888884,0.132627118314194,0.191677107218074,-0.151918588402356,-0.000000000000000,0.082832899996252,-0.181162633696848,0.178721710226753,0.068834202427906,0.044313865416134,-0.056165337278135,-0.063966222747078,-0.079018470328011,0.003630914698643,-0.072117720508668,0.170914129364893,-0.105925631773691,0.174291008664849,0.102192727029402,-0.197074426368365,1008.747880300000020
41,-0.426068450734422,0.199192508692005,-1.724240800235381,-1.390813277731913,-0.157853330127427,1.845891491529868,-1.989492740219523,-1.058812109856967,-2.664660063213239,1.212052233311272,-0.006399927956300,-2.444056099186995,-2.932178888656572,0.798197169164415,0.983672313040208,2.135114208134093,-1.234739172626269,-1.468703090108425,2.939717199279211,0.759798149805666,-0.680917655685500,-1.726521987313254,1.894004064787388,0.545964883348446,-2.079756197078693,-0.641723227361721,2.449264122867206,-0.443570472900828,0.382505466723625,-1.029948269120977,1.606654561481805,1.361162736221872,2.252924636554918,-0.837468294899487,0.157684707872597,1.128260497463857,1.547523772721499,-0.184335268125157,-2.291388206467807,0.506097189774134,2.665294292715384,-0.146080696780775,-0.176379963394571,0.076473890292597,0.183726719007104,-0.195234200535120,-0.145711642293232,0.081257593180931,0.153919095763716,0.038039034054006,-0.149708696284778,-0.001977228957721,-0.118514041944870,0.000920642439801,0.245896550803243,-0.150126370503719,-0.155712989285598,-0.066338627813973,-0.041229942839683,0.000000000000000,-0.099523264861820,-0.217911400344165,-0.132320567358011,0.149471897853094,0.171933073891446,-0.139959606393912,0.243925340512953,-0.038834808319110,0.098618620449747,0.023780438925434,-0.227358644718457,0.134928170804510,-0.002095416900637,0.102777536864980,0.018299856413390,0.205283638459005,0.246295732675310,-0.170963143389512,0.196445090366596,0.126217393033765,-0.228178095502084,-0.000000000000000,-0.197694476676368,1016.328843900000038
42,-0.200989142543041,-0.891775998110226,1.971669909838389,-0.416472535557186,-0.812266866442307,-2.474923840752011,-0.542733436754676,2.635728034662101,-1.159931041350398,-1.009124065337949,1.041879395256308,2.936838631391923,0.470620656707759,-0.272122917859648,-0.030104955892437,2.088407972792608,0.876067397747462,2.493858159973572,-1.494858172726564,-1.256378807869456,-1.690032336354721,1.561314876979650,2.286303010821536,-2.925950551395331,0.749352544238808,1.840828241612994,0.682762664901314,1.205091782938165,-1.440503753523292,1.167217505603570,-2.666496540077321,0.022567556115997,-1.812077024267867,-2.157040136009317,-1.930537459641558,-2.264214589122194,0.223135753832282,0.270501823151805,-0.631952211570990,1.643411704843676,0.437773236229214,1.447193720064625,-0.200520171816018,-0.204835751805494,0.150763617703934,-0.097115516227054,0.048827902821984,0.084303857827826,0.219551550921405,0.100904144869711,-0.126581798213415,0.193157237881354,-0.230332619511184,-0.006649399382218,-0.214606333661106,0.144815562576471,0.182384437268072,-0.067567639614604,0.214815909992172,-0.059937435712186,0.204506021076942,0.092794707930314,-0.107478636965978,-0.173167237241476,-0.001415013930924,0.002646629971274,-0.225287048807322,-0.093579220407933,0.104377046296163,-0.034826600291624,-0.143949732284975,0.243466289584098,-0.061748319843608,-0.141098190784823,0.191176459800010,0.080824892715494,-0.079167262082834,-0.131496432362360,0.114957292264449,-0.120489959893215,-0.078096549039876,0.148118030840632,0.222624479970405,-0.000000000000000,-0.197847188759985,1012.771899400000052
43,-0.088912684168171,0.870373757258834,0.564118570301592,0.075121537673358,-1.081699316348822,-2.682394857865199,1.894809969426058,2.424387154129256,1.936688511654403,1.594063120904254,-1.176051235665457,0.000000000000000,-0.518324383663097,-2.445571419528411,1.182867311949455,-2.922880039142319,-0.218890506464996,0.436105890922439,-1.627199917089283,1.399843450074487,-0.376078618179505,2.671701139937402,-0.799893600530397,1.672083760664863,-1.943129964103680,-2.311035008345874,0.395549947588491,2.124250836778959,-1.871003402962871,-0.947200512697917,-1.424587326874869,0.229341557431485,-0.733893933638408,0.884688349506306,-1.318836140485422,1.107654226432735,1.314197733702056,-1.620149728482444,0.679286913672985,2.349063351217654,2.954877407875240,-0.487740426510845,-2.141137746529833,0.211704680689838,0.145850506658160,-0.201841407146445,-0.220896311638163,-0.098068408822522,0.019922576577306,-0.159750427159209,-0.104518603365700,0.168701675681037,0.129683862751029,0.162972312339459,0.000000000000000,0.019158986723119,-0.084555695035186,0.187730849776121,-0.001203493015077,-0.159400473728760,-0.000000000000000,0.225790400684910,-0.000000000000000,0.171000617934680,-0.000000000000000,-0.136329329416766,-0.054388392054659,0.076163802455115,0.141606766641324,0.226096591488419,-0.037614326645765,-0.210103392426203,0.063271335019203,0.055504783460854,-0.031664664236067,0.124630175873293,-0.158502973473274,-0.197721486507736,-0.063966371126981,-0.221789077615361,-0.121127840779812,-0.001088338421738,0.110739451373349,-0.000000000000000,-0.217455335334734,-0.057998688287670,-0.197584965733522,1001.170394800000054
44,-1.859541292011512,0.578647382954980,1.867424095118362,1.536965977495425,-0.276921549838137,-0.791957148123654,-1.114097977254193,-0.810187901059090,-1.345295571849745,2.523756261511630,-0.575995022473628,-2.925269423465692,-1.743413786478654,0.874679434325255,-2.475268860465106,0.963063693396034,2.039887626302735,1.261623895195941,0.012552541803290,-1.497111831763854,-0.198166974822212,-1.997899781418101,2.108802671214864,-2.171662094209376,-0.483677407429383,-1.543600704192976,2.305564583244076,1.091460534510538,2.942458499759430,-2.677457518389267,-0.436703050105985,0.756681855714596,-0.983571816173438,0.431114499312908,1.511421630513488,0.186374243682240,1.729883513680855,2.649919451248018,0.522782252161185,0.280616957093187,-0.007572336323815,-1.173131520581906,-2.300116617420099,1.282636035423595,-0.146546425483430,-0.040176740834267,0.099292917131405,-0.158017554648923,0.097151047374800,0.103373914784097,-0.233715973076266,-0.157011849534015,0.050062083935427,-0.116078419254067,-0.027192949100036,0.000202640216430,0.071213835972600,0.156527209615346,-0.136542171333111,-0.186297398669407,-0.175583376313870,0.132602494981355,0.216374916268210,-0.169874794711403,-0.148635424374027,0.070873971616076,0.198709290740047,-0.090135476774337,0.232369542310770,0.065313191946040,0.009068465323455,-0.003426603878592,-0.007762204225291,0.065645054612861,-0.219704784458038,-0.107402621329396,0.035062718148125,-0.161516071171234,0.177411386313223,-0.161391544252676,-0.035801548956834,0.089190259422668,0.216987026016325,0.068238368773191,-0.031656868406850,0.074314311469309,0.128461362457283,-0.186785604588464,-0.196905129396229,1042.665932999999995
45,-2.411653682277443,0.043032392314507,0.367788391384578,0.610423714336716,2.498933204637007,2.686417354023566,2.960000000000000,1.464179712285547,-0.489417715584155,-1.303390104751514,-0.896349142378147,-2.114819975686749,-1.496565914437808,-0.766212894139668,0.032713750040362,1.360799309419774,-1.630691525411662,1.959048963030343,-2.062971497250576,-1.854292220957172,-1.007939872579677,1.754564675500279,2.338809946014559,-1.091953157568016,2.164871285252947,-2.940355987539672,-2.700964956518999,0.242548343401403,-0.294948680046250,0.761367770024038,0.625702774777450,-0.656013586584577,-0.052939376642097,-0.519728792566666,-0.290766265571387,-1.296931680295105,1.088691900234901,1.591156953767799,1.275052946527986,0.941183420201884,0.988734549837794,-2.405735092914130,0.369458681368385,1.926040891339846,-1.746465902240359,-0.090367640841402,-0.220359444872169,0.200552895602701,-0.203502513980934,0.123524875341026,-0.070396418884197,-0.000000000000000,0.146574394235283,-0.224130926443643,0.232149894111550,0.127675917328197,-0.114932763425875,0.070076624630032,-0.122203611891636,0.207672152484310,-0.228425488027725,-0.107178836493190,0.081234601752101,0.137407947024692,-0.066096307850488,-0.220846458075700,0.072755385573465,-0.056211003910405,0.154810535105845,0.045663492129762,0.004391758553036,-0.011943034471574,0.026028230101574,0.137489004208306,-0.000000000000000,0.221555065570319,0.221560775998556,-0.029552575406650,0.084046520338467,-0.072364240003107,-0.246397366571915,-0.034471651444295,-0.058764687493654,0.047090318628312,-0.201049043885279,0.222091188450653,0.137059241417098,-0.170634677298944,-0.162801893007026,0.207790093016602,-0.198582422693563,1059.372356600000103
46,-2.968082123384877,-0.175550479709166,1.846228191184753,-1.603399032668378,-0.325847122981149,1.052848397876181,-2.502290097530526,1.142060877021680,1.574577790588374,2.343732130927181,-1.991705574082828,-2.311660980195427,-2.235432921506936,-2.705915752696648,0.283919795574750,-1.149482775647398,-1.548111294940713,0.805716826632900,1.836107776890706,0.361148765351142,2.194592127370599,-1.290068843500654,-1.386639209385309,0.709125026391897,2.707845021129999,-0.266102763323273,1.277176201787954,0.919213479067277,-0.931632584154499,2.967617295191936,2.487321150989561,-1.073082153373651,-0.759344397253260,-0.687270445853108,1.607720641383062,0.128393044860985,-1.773152434451372,0.575712022549023,-1.958753332554921,0.105807707358270,0.477392177847349,-0.066809036992646,2.052469731828614,-0.454475138251761,1.344730844841596,-0.630631358052696,0.020866123939894,0.121258515642364,0.194406767600538,-0.161435067321504,0.240590749777670,-0.000000000000000,0.034469486621624,-0.157500420961984,0.115048119081793,-0.170465669343422,0.067234932739569,-0.124413782938116,0.079821047749540,-0.061467212909793,0.022722220405775,-0.210758828807394,0.144800154216486,-0.001552947095824,-0.158900857973066,-0.223368181755754,0.159618333081451,0.098660861882787,-0.033680666397179,-0.254249380832508,0.003177299450738,-0.155180689729983,0.180088835896337,0.186309873018257,-0.044803527313261,0.000000000000000,0.100610033143916,0.089942432238455,-0.218858934352389,0.036713218836314,-0.103717027301357,0.203247503408240,0.054903407887029,-0.001735457397614,-0.121380568251336,-0.187703307146284,0.240485982958183,-0.042016783851702,-0.077998686239006,-0.243172644763240,-0.097805734933533,0.255163066734181,-0.198258827356787,1015.964142100000004
47,-1.931031338595653,-2.336922998185575,-0.609627357834541,0.727209729273818,-2.245737544032456,1.798890910012054,-2.515767516332738,-1.204918809345252,-2.973968465695331,2.364243273940623,-0.033858785440270,1.874775356581990,0.673570887509729,-1.440759878182623,2.969963408101952,-1.789811434273647,1.600538249977797,-1.648041513222012,-0.155510277340268,2.481948576702564,-0.113519806009194,0.825449721720951,0.093843999184851,1.199046357950923,-0.718748526734942,0.190642620491728,-0.994522029732458,-0.365414382953633,-2.055164569252276,-1.294902530233577,-1.551104232953307,0.540352315170796,1.421744995184187,1.629010222316926,1.288766321656042,0.313822028740650,-0.604693639285137,2.694980787638175,-2.747842100116525,-0.342686344293174,0.430983888675006,1.112706659374646,-1.041813101806051,2.057406320501292,2.227784960991841,-0.841167301751604,0.989517297267032,0.118768299561334,-0.107882669906903,-0.145191323101204,0.117965403362477,0.082562107470953,0.206873283051618,0.060207249050451,0.087588618046477,-0.017474645978078,0.154235879842918,0.212683081310710,-0.036805219787800,-0.202302991535111,0.095050249538996,0.017613651968359,-0.066913216001593,-0.193626331750563,0.085395776748212,-0.236943715514611,-0.071981952338028,0.011447572325377,0.000000000000000,-0.222457907918374,0.179897633760046,0.264013161136659,-0.013508718742830,0.060443385432938,-0.025838252505471,-0.060147957967809,-0.122234374997438,-0.201277065775943,0.123270010210605,0.107772143787489,0.039638092771683,-0.173964291796883,0.182432992967876,0.068548499936515,0.000000000000000,0.035616305516279,0.210176745278300,-0.082845637842036,-0.090992442880556,-0.204828620335595,0.032621626775662,-0.088991875364133,-0.091981357313966,0.042794561677575,-0.198012764040098,1017.070266700000047
48,-2.704458961239727,2.376185907428901,2.222343970983181,1.419262222614496,1.593922097870601,1.043817588232808,-1.574571072616851,2.520610543121870,1.928236326077891,-1.014536574106029,-2.067726139640304,-0.432993795764821,-2.526012001148010,-1.471974175777051,-1.661578078966708,0.543109854807201,-2.334963341233415,-1.250445934874031,0.726534653250721,0.175511194481126,2.961741904760443,-1.059278476224290,-0.178656835599505,-0.622558622893683,0.344252979024807,-2.939504459661904,0.750798154108177,1.224089713197131,-0.232756189924117,2.724293730767211,-0.803766962657770,1.341636813010507,1.830171425233861,-1.298778304768909,0.226619529220243,0.894546579393756,0.536235799668648,-0.634733489834778,0.043569770085114,-0.405429705039550,1.675451582005439,-1.834744585813867,1.080165620607967,-1.934101092052376,0.000000000000000,-0.854263988620264,2.056381963490301,-2.238448803093138,0.052213073146129,-0.000557492142227,-0.000103647203934,0.183772709554792,-0.123853852753200,0.187695689152842,0.177788930727390,-0.000000000000000,0.203099785483703,0.176427912642693,0.080030530121644,-0.088722237980333,-0.087132443940077,-0.078713002272456,-0.167028759017749,0.110016077474467,0.140434214587788,-0.079476107719400,0.219046792564831,0.019135424073869,-0.000000000000000,-0.058609265854124,0.204430229016621,0.243402895052330,0.057452748158058,-0.014305343620660,-0.176834580678496,0.046050078258653,-0.178867480751130,0.008545254206929,0.032552336925567,-0.158090507377627,-0.135496247065572,0.167493599409907,-0.229035890608369,-0.003025878690979,-0.075651657269580,-0.117661596249273,0.222036982661897,0.124841862730645,0.095341176876768,0.148692987233494,-0.156984238808063,-0.123461715378680,0.000000000000000,-0.243785320581210,-0.074726454783270,-0.131666873323882,-0.201375618305728,1023.794349499999953
49,0.438884101584667,-1.796790677072387,-1.024893037845662,-0.468366199067532,1.975759519304182,2.545786283280481,1.102452881097084,-1.447837736744348,-2.955875050843781,-2.710901521882990,2.742020438014864,-1.693837475974799,-0.200775338135478,1.739014429758142,-1.204910449415479,-2.270379982337059,-2.309441297549794,-0.857998244384477,2.950145350447789,-0.899711971875369,0.299796256821455,0.816839731145779,-0.680451183357100,1.335895179266565,1.264464538427144,2.028822933248839,-0.676117108749104,-1.392066146702041,2.365148768987969,1.551642216562070,0.638472719599594,-2.522130897038589,-2.008022946502484,0.466615149984421,0.083649036714471,-0.328183100370914,-1.166455336704198,1.095090449628203,-2.015332779248524,0.217350466577363,0.881139736741240,1.775580190431859,1.481899005707183,0.686524633939038,-0.149487098298450,0.028810743261256,2.245121604228563,-0.422775625743986,-1.586693513800081,0.186410813048094,-0.216961669129191,-0.159089055923455,0.189906377809506,0.097483388925532,-0.005298008690655,0.109723296164152,-0.248437755917377,-0.011067423556833,0.064843078248624,-0.017926479859339,0.208580213955003,0.183869799176791,0.077576496904089,-0.176726294087621,-0.123376773319795,0.152965833003026,0.223170370276445,-0.005876973258830,-0.066080440459869,-0.001301556256328,0.246204697428121,-0.187377409785870,-0.252952826468845,-0.009388176460303,-0.191664989390214,0.059879205785091,0.122154303358857,-0.112376217025446,-0.030809363348273,0.067831619754312,-0.071801862451771,-0.109812520313757,-0.199053497341022,0.224254931968910,-0.042199667245438,0.206856553140394,-0.133001441741744,0.145848414410383,-0.162439569542223,-0.152304679953839,-0.145573043648340,0.139902841934422,-0.120203224882097,-0.133800010089426,-0.012867629369853,0.163293471968060,-0.191117038663706,0.006104228235726,-0.198853801854229,1026.288894799999980
50,-1.328196435560238,-0.238719407855463,2.429698915162175,0.329809569904499,-2.735640611058851,-2.507248958350806,-0.470320457277652,1.046600336229308,-1.090337844322277,-0.683365299575138,1.969227869432178,2.964534861697554,2.221825683603289,0.569215638666545,0.757477600365415,1.121725032155852,2.505333137301316,1.799350711981564,-2.424015905552015,2.091292197792931,-1.639263634297716,-0.700687113772949,1.318161437571207,-2.203506158867024,-1.116006355556817,1.337297954506439,-1.683613133574079,-0.889049549253134,-1.315658307207534,1.017973083280270,-1.867604686292456,1.603129515198570,2.747677139774977,-2.989832507969386,1.508794034474380,-0.345340370681598,-0.021796612197112,0.474722612537664,0.573921542148252,0.162577741851531,0.838419301765115,-0.875148619594904,-2.142954302641520,-1.488310616666050,0.314842794394521,-0.517032762108430,-1.932223176236939,-0.110501505572838,-0.086278311241847,1.761576444232570,0.213209085776355,0.237135904422873,-0.079031577413367,0.099505440880535,-0.024629730288588,0.072626717784664,-0.211927490508722,-0.228442995871491,0.071095635158392,0.250570439308322,-0.087298961960920,-0.000000000000000,-0.017505212002278,0.218317806530104,-0.175011061331098,0.178631373055187,0.051361332824698,0.063612955178535,-0.137080654080435,0.166895565700214,0.129129505170769,-0.106407652818637,-0.098141152734849,0.156540446040791,-0.253415209562735,0.201274743814162,-0.226693030284084,-0.192644636495407,-0.016501550854831,0.033111929232853,0.176964666042390,0.229920707122122,-0.072535996889374,-0.021141144319794,-0.203162831661718,-0.049640360846244,-0.052907781982570,-0.238186150701469,0.072721554898760,-0.022885719088266,0.121289627980568,0.073627591071112,-0.143201616005692,-0.152316205413696,-0.122291506228763,0.101667742957343,-0.090475563991686,-0.227500107198685,0.130467696909959,-0.080667881498188,-0.197829633500127,1054.755259999999907
